"0","data <- G8_MERGED_ACH_CON"
"0","str(data)"
"1","tibble [323,920 × 512]"
"1",""
"1"," (S3: "
"1",""
"1","tbl_df/tbl/data.frame"
"1",""
"1",")"
"1",""
"1","
"
"1"," "
"1",""
"1","$ "
"1",""
"1","CTY      "
"1",""
"1",":"
"1"," chr [1:323920] "
"1",""
"1","""AAD"" ""AAD"" ""AAD"" ""AAD"""
"1",""
"1"," ..."
"1",""
"1","
"
"1","  .."
"1",""
"1","- attr(*, ""label"")="
"1"," chr "
"1",""
"1","""Country Alpha3"""
"1",""
"1","
"
"1","  .."
"1",""
"1","- attr(*, ""format.spss"")="
"1"," chr "
"1",""
"1","""A15"""
"1",""
"1","
"
"1","  .."
"1",""
"1","- attr(*, ""display_width"")="
"1"," int "
"1",""
"1","5"
"1",""
"1","
"
"1"," "
"1",""
"1","$ "
"1",""
"1","IDCNTRY  "
"1",""
"1",":"
"1"," dbl+lbl [1:323920] 7842, 7842, 7842, 7842, 7842, 7842, 7842, 7842, 7842, 7842, 7842, 7842, 7842, 7842, 7842, 7842, 7842, 7842, 7842, ...
"
"1","   .."
"1",""
"1","@ "
"1",""
"1","labels   "
"1",""
"1",":"
"1"," Named num [1:202] "
"1",""
"1","8 12 31 32 36 40 48 51 56 70"
"1",""
"1"," ..."
"1",""
"1","
"
"1","   .. .."
"1",""
"1","- attr(*, ""names"")="
"1"," chr [1:202] "
"1",""
"1","""Albania"" ""Algeria"" ""Azerbaijan, Republic of"" ""Argentina"""
"1",""
"1"," ..."
"1",""
"1","
"
"1","   .."
"1",""
"1","@ "
"1",""
"1","label    "
"1",""
"1",":"
"1"," chr "
"1",""
"1","""Cntry ID"""
"1",""
"1","
"
"1","   .."
"1",""
"1","@ "
"1",""
"1","na_values"
"1",""
"1",":"
"1"," num "
"1",""
"1","1e+10"
"1",""
"1","
"
"1"," "
"1",""
"1","$ "
"1",""
"1","IDSTUD   "
"1",""
"1",":"
"1"," dbl+lbl [1:323920] 5e+07, 5e+07, 5e+07, 5e+07, 5e+07, 5e+07, 5e+07, 5e+07, 5e+07, 5e+07, 5e+07, 5e+07, 5e+07, 5e+07, 5e+07, 5e+07, 5e...
"
"1","   .."
"1",""
"1","@ "
"1",""
"1","labels   "
"1",""
"1",":"
"1"," Named num "
"1",""
"1","1e+08"
"1",""
"1","
"
"1","   .. .."
"1",""
"1","- attr(*, ""names"")="
"1"," chr "
"1",""
"1","""Omitted or invalid"""
"1",""
"1","
"
"1","   .."
"1",""
"1","@ "
"1",""
"1","label    "
"1",""
"1",":"
"1"," chr "
"1",""
"1","""Student ID"""
"1",""
"1","
"
"1","   .."
"1",""
"1","@ "
"1",""
"1","na_values"
"1",""
"1",":"
"1"," num "
"1",""
"1","1e+08"
"1",""
"1","
"
"1"," "
"1",""
"1","$ "
"1",""
"1","BSDAGE   "
"1",""
"1",":"
"1"," dbl+lbl [1:323920] 13.4, 13.4, 13.5, 13.2, 13.2, 14.3, 13.8, 12.9, 13.4, 13.7, 13.9, 13.6, 13.2, 14.2, 13.8, 14.2, 13.7, 13.7, 14.0, ...
"
"1","   .."
"1",""
"1","@ "
"1",""
"1","label      "
"1",""
"1",":"
"1"," chr "
"1",""
"1","""Students Age"""
"1",""
"1","
"
"1","   .."
"1",""
"1","@ "
"1",""
"1","na_values  "
"1",""
"1",":"
"1"," num "
"1",""
"1","99"
"1",""
"1","
"
"1","   .."
"1",""
"1","@ "
"1",""
"1","format.spss"
"1",""
"1",":"
"1"," chr "
"1",""
"1","""F5.2"""
"1",""
"1","
"
"1","   .."
"1",""
"1","@ "
"1",""
"1","labels     "
"1",""
"1",":"
"1"," Named num "
"1",""
"1","99"
"1",""
"1","
"
"1","   .. .."
"1",""
"1","- attr(*, ""names"")="
"1"," chr "
"1",""
"1","""Omitted or invalid"""
"1",""
"1","
"
"1"," "
"1",""
"1","$ "
"1",""
"1","ITLANG_SQ"
"1",""
"1",":"
"1"," dbl+lbl [1:323920] 1, 1, 1, 1, 1, 1, 1, 1, 1, 1, 1, 1, 1, 1, 1, 1, 1, 1, 1, 1, 1, 1, 1, 1, 1, 1, 1, 1, 1, 1, 1, 1, 1, 1, 1, 1, 1, 1, ...
"
"1","   .."
"1",""
"1","@ "
"1",""
"1","label      "
"1",""
"1",":"
"1"," chr "
"1",""
"1","""Language of Student Questionnaire"""
"1",""
"1","
"
"1","   .."
"1",""
"1","@ "
"1",""
"1","na_values  "
"1",""
"1",":"
"1"," num "
"1",""
"1","99"
"1",""
"1","
"
"1","   .."
"1",""
"1","@ "
"1",""
"1","format.spss"
"1",""
"1",":"
"1"," chr "
"1",""
"1","""F2.0"""
"1",""
"1","
"
"1","   .."
"1",""
"1","@ "
"1",""
"1","labels     "
"1",""
"1",":"
"1"," Named num [1:69] "
"1",""
"1","1 2 3 4 5 7 8 9 10 11"
"1",""
"1"," ..."
"1",""
"1","
"
"1","   .. .."
"1",""
"1","- attr(*, ""names"")="
"1"," chr [1:69] "
"1",""
"1","""English"" ""Spanish"" ""French"" ""Afrikaans"""
"1",""
"1"," ..."
"1",""
"1","
"
"1"," "
"1",""
"1","$ "
"1",""
"1","LCID_SQ  "
"1",""
"1",":"
"1"," dbl+lbl [1:323920] 14342, 14342, 14342, 14342, 14342, 14342, 14342, 14342, 14342, 14342, 14342, 14342, 14342, 14342, 14342, 14342, 14...
"
"1","   .."
"1",""
"1","@ "
"1",""
"1","label        "
"1",""
"1",":"
"1"," chr "
"1",""
"1","""Locale ID of the Student Questionnaire"""
"1",""
"1","
"
"1","   .."
"1",""
"1","@ "
"1",""
"1","na_values    "
"1",""
"1",":"
"1"," num "
"1",""
"1","1e+10"
"1",""
"1","
"
"1","   .."
"1",""
"1","@ "
"1",""
"1","format.spss  "
"1",""
"1",":"
"1"," chr "
"1",""
"1","""F10.0"""
"1",""
"1","
"
"1","   .."
"1",""
"1","@ "
"1",""
"1","display_width"
"1",""
"1",":"
"1"," int "
"1",""
"1","12"
"1",""
"1","
"
"1","   .."
"1",""
"1","@ "
"1",""
"1","labels       "
"1",""
"1",":"
"1"," Named num [1:116] "
"1",""
"1","1025 1026 1028 1029 1030"
"1",""
"1"," ..."
"1",""
"1","
"
"1","   .. .."
"1",""
"1","- attr(*, ""names"")="
"1"," chr [1:116] "
"1",""
"1","""Arabic (Saudi Arabia)"" ""Bulgarian (Bulgaria)"" ""Chinese (Taiwan)"" ""Czech (Czech Republic)"""
"1",""
"1"," ..."
"1",""
"1","
"
"1"," "
"1",""
"1","$ "
"1",""
"1","BSBG01   "
"1",""
"1",":"
"1"," dbl+lbl [1:323920] 2, 2, 2, 2, 2, 2, 2, 2, 2, 2, 2, 2, 2, 2, 2, 2, 2, 2, 2, 2, 2, 2, 2, 2, 2, 2, 2, 2, 2, 2, 2, 2, 2, 2, 2, 2, 2, 2, ...
"
"1","   .."
"1",""
"1","@ "
"1",""
"1","label      "
"1",""
"1",":"
"1"," chr "
"1",""
"1","""GEN\\SEX OF STUDENT"""
"1",""
"1","
"
"1","   .."
"1",""
"1","@ "
"1",""
"1","na_values  "
"1",""
"1",":"
"1"," num "
"1",""
"1","9"
"1",""
"1","
"
"1","   .."
"1",""
"1","@ "
"1",""
"1","format.spss"
"1",""
"1",":"
"1"," chr "
"1",""
"1","""F1.0"""
"1",""
"1","
"
"1","   .."
"1",""
"1","@ "
"1",""
"1","labels     "
"1",""
"1",":"
"1"," Named num [1:4] "
"1",""
"1","1 2 3 9"
"1",""
"1","
"
"1","   .. .."
"1",""
"1","- attr(*, ""names"")="
"1"," chr [1:4] "
"1",""
"1","""Girl"" ""Boy"" ""<Other>"" ""Omitted or invalid"""
"1",""
"1","
"
"1"," "
"1",""
"1","$ "
"1",""
"1","BSBG03   "
"1",""
"1",":"
"1"," dbl+lbl [1:323920] 3, 3, 2, 4, 3, 4, 3, 2, 3, 3, 3, 3, 3, 3, 3, 4, 4, 4, 9, 4, 3, 2, 2, 3, 1, 3, 2, 3, 3, 2, 3, 3, 1, 3, 1, 3, 4, 3, ...
"
"1","   .."
"1",""
"1","@ "
"1",""
"1","label      "
"1",""
"1",":"
"1"," chr "
"1",""
"1","""GEN\\OFTEN SPEAK <LANG OF TEST> AT HOME"""
"1",""
"1","
"
"1","   .."
"1",""
"1","@ "
"1",""
"1","na_values  "
"1",""
"1",":"
"1"," num "
"1",""
"1","9"
"1",""
"1","
"
"1","   .."
"1",""
"1","@ "
"1",""
"1","format.spss"
"1",""
"1",":"
"1"," chr "
"1",""
"1","""F1.0"""
"1",""
"1","
"
"1","   .."
"1",""
"1","@ "
"1",""
"1","labels     "
"1",""
"1",":"
"1"," Named num [1:5] "
"1",""
"1","1 2 3 4 9"
"1",""
"1","
"
"1","   .. .."
"1",""
"1","- attr(*, ""names"")="
"1"," chr [1:5] "
"1",""
"1","""Always"" ""Almost always"" ""Sometimes"" ""Never"""
"1",""
"1"," ..."
"1",""
"1","
"
"1"," "
"1",""
"1","$ "
"1",""
"1","BSBG04   "
"1",""
"1",":"
"1"," dbl+lbl [1:323920] 3, 3, 1, 3, 2, 9, 3, 3, 3, 5, 3, 1, 1, 1, 1, 2, 4, 4, 1, 2, 3, 3, 4, 3, 1, 4, 1, 3, 1, 3, 2, 1, 4, 4, 3, 3, 1, 1, ...
"
"1","   .."
"1",""
"1","@ "
"1",""
"1","label      "
"1",""
"1",":"
"1"," chr "
"1",""
"1","""GEN\\AMOUNT OF BOOKS IN YOUR HOME"""
"1",""
"1","
"
"1","   .."
"1",""
"1","@ "
"1",""
"1","na_values  "
"1",""
"1",":"
"1"," num "
"1",""
"1","9"
"1",""
"1","
"
"1","   .."
"1",""
"1","@ "
"1",""
"1","format.spss"
"1",""
"1",":"
"1"," chr "
"1",""
"1","""F1.0"""
"1",""
"1","
"
"1","   .."
"1",""
"1","@ "
"1",""
"1","labels     "
"1",""
"1",":"
"1"," Named num [1:6] "
"1",""
"1","1 2 3 4 5 9"
"1",""
"1","
"
"1","   .. .."
"1",""
"1","- attr(*, ""names"")="
"1"," chr [1:6] "
"1",""
"1","""None or very few (0–10 books)"" ""Enough to fill one shelf (11–25 books)"" ""Enough to fill one bookcase (26–100 books)"" ""Enough to fill two bookcases (101–200 books)"""
"1",""
"1"," ..."
"1",""
"1","
"
"1"," "
"1",""
"1","$ "
"1",""
"1","BSBG05A  "
"1",""
"1",":"
"1"," dbl+lbl [1:323920] 1, 2, 1, 1, 1, 9, 1, 1, 1, 1, 1, 1, 2, 2, 1, 1, 1, 1, 1, 1, 1, 1, 1, 1, 1, 1, 1, 1, 2, 1, 1, 2, 1, 2, 2, 1, 1, 1, ...
"
"1","   .."
"1",""
"1","@ "
"1",""
"1","label      "
"1",""
"1",":"
"1"," chr "
"1",""
"1","""GEN\\HOME POSSESS\\OWN COMPUTER"""
"1",""
"1","
"
"1","   .."
"1",""
"1","@ "
"1",""
"1","na_values  "
"1",""
"1",":"
"1"," num "
"1",""
"1","9"
"1",""
"1","
"
"1","   .."
"1",""
"1","@ "
"1",""
"1","format.spss"
"1",""
"1",":"
"1"," chr "
"1",""
"1","""F1.0"""
"1",""
"1","
"
"1","   .."
"1",""
"1","@ "
"1",""
"1","labels     "
"1",""
"1",":"
"1"," Named num [1:3] "
"1",""
"1","1 2 9"
"1",""
"1","
"
"1","   .. .."
"1",""
"1","- attr(*, ""names"")="
"1"," chr [1:3] "
"1",""
"1","""Yes"" ""No"" ""Omitted or invalid"""
"1",""
"1","
"
"1"," "
"1",""
"1","$ "
"1",""
"1","BSBG05B  "
"1",""
"1",":"
"1"," dbl+lbl [1:323920] 1, 1, 2, 1, 1, 9, 1, 1, 1, 1, 2, 2, 1, 2, 2, 2, 1, 1, 1, 1, 1, 1, 1, 1, 2, 2, 2, 1, 2, 1, 1, 2, 1, 1, 1, 2, 1, 1, ...
"
"1","   .."
"1",""
"1","@ "
"1",""
"1","label      "
"1",""
"1",":"
"1"," chr "
"1",""
"1","""GEN\\HOME POSSESS\\SHARED COMPUTER"""
"1",""
"1","
"
"1","   .."
"1",""
"1","@ "
"1",""
"1","na_values  "
"1",""
"1",":"
"1"," num "
"1",""
"1","9"
"1",""
"1","
"
"1","   .."
"1",""
"1","@ "
"1",""
"1","format.spss"
"1",""
"1",":"
"1"," chr "
"1",""
"1","""F1.0"""
"1",""
"1","
"
"1","   .."
"1",""
"1","@ "
"1",""
"1","labels     "
"1",""
"1",":"
"1"," Named num [1:3] "
"1",""
"1","1 2 9"
"1",""
"1","
"
"1","   .. .."
"1",""
"1","- attr(*, ""names"")="
"1"," chr [1:3] "
"1",""
"1","""Yes"" ""No"" ""Omitted or invalid"""
"1",""
"1","
"
"1"," "
"1",""
"1","$ "
"1",""
"1","BSBG05C  "
"1",""
"1",":"
"1"," dbl+lbl [1:323920] 1, 1, 1, 2, 2, 9, 1, 1, 1, 1, 1, 1, 1, 1, 1, 1, 1, 1, 1, 2, 1, 1, 1, 2, 1, 1, 1, 1, 1, 1, 1, 2, 1, 1, 2, 2, 1, 1, ...
"
"1","   .."
"1",""
"1","@ "
"1",""
"1","label      "
"1",""
"1",":"
"1"," chr "
"1",""
"1","""GEN\\HOME POSSESS\\SMARTPHONE"""
"1",""
"1","
"
"1","   .."
"1",""
"1","@ "
"1",""
"1","na_values  "
"1",""
"1",":"
"1"," num "
"1",""
"1","9"
"1",""
"1","
"
"1","   .."
"1",""
"1","@ "
"1",""
"1","format.spss"
"1",""
"1",":"
"1"," chr "
"1",""
"1","""F1.0"""
"1",""
"1","
"
"1","   .."
"1",""
"1","@ "
"1",""
"1","labels     "
"1",""
"1",":"
"1"," Named num [1:3] "
"1",""
"1","1 2 9"
"1",""
"1","
"
"1","   .. .."
"1",""
"1","- attr(*, ""names"")="
"1"," chr [1:3] "
"1",""
"1","""Yes"" ""No"" ""Omitted or invalid"""
"1",""
"1","
"
"1"," "
"1",""
"1","$ "
"1",""
"1","BSBG05D  "
"1",""
"1",":"
"1"," dbl+lbl [1:323920] 1, 1, 1, 1, 2, 9, 1, 1, 1, 1, 1, 1, 1, 1, 1, 1, 1, 1, 1, 1, 1, 1, 1, 1, 1, 1, 1, 1, 1, 1, 1, 1, 1, 1, 1, 2, 1, 1, ...
"
"1","   .."
"1",""
"1","@ "
"1",""
"1","label      "
"1",""
"1",":"
"1"," chr "
"1",""
"1","""GEN\\HOME POSSESS\\INTERNET ACCESS"""
"1",""
"1","
"
"1","   .."
"1",""
"1","@ "
"1",""
"1","na_values  "
"1",""
"1",":"
"1"," num "
"1",""
"1","9"
"1",""
"1","
"
"1","   .."
"1",""
"1","@ "
"1",""
"1","format.spss"
"1",""
"1",":"
"1"," chr "
"1",""
"1","""F1.0"""
"1",""
"1","
"
"1","   .."
"1",""
"1","@ "
"1",""
"1","labels     "
"1",""
"1",":"
"1"," Named num [1:3] "
"1",""
"1","1 2 9"
"1",""
"1","
"
"1","   .. .."
"1",""
"1","- attr(*, ""names"")="
"1"," chr [1:3] "
"1",""
"1","""Yes"" ""No"" ""Omitted or invalid"""
"1",""
"1","
"
"1"," "
"1",""
"1","$ "
"1",""
"1","BSBG05E  "
"1",""
"1",":"
"1"," dbl+lbl [1:323920] 1, 1, 1, 1, 1, 9, 2, 1, 1, 1, 1, 1, 1, 1, 1, 2, 2, 2, 1, 1, 1, 1, 1, 2, 1, 1, 1, 1, 1, 1, 1, 1, 2, 1, 2, 2, 1, 1, ...
"
"1","   .."
"1",""
"1","@ "
"1",""
"1","label      "
"1",""
"1",":"
"1"," chr "
"1",""
"1","""GEN\\HOME POSSESS\\STUDY DESK"""
"1",""
"1","
"
"1","   .."
"1",""
"1","@ "
"1",""
"1","na_values  "
"1",""
"1",":"
"1"," num "
"1",""
"1","9"
"1",""
"1","
"
"1","   .."
"1",""
"1","@ "
"1",""
"1","format.spss"
"1",""
"1",":"
"1"," chr "
"1",""
"1","""F1.0"""
"1",""
"1","
"
"1","   .."
"1",""
"1","@ "
"1",""
"1","labels     "
"1",""
"1",":"
"1"," Named num [1:3] "
"1",""
"1","1 2 9"
"1",""
"1","
"
"1","   .. .."
"1",""
"1","- attr(*, ""names"")="
"1"," chr [1:3] "
"1",""
"1","""Yes"" ""No"" ""Omitted or invalid"""
"1",""
"1","
"
"1"," "
"1",""
"1","$ "
"1",""
"1","BSBG05F  "
"1",""
"1",":"
"1"," dbl+lbl [1:323920] 2, 1, 1, 1, 1, 9, 1, 1, 1, 1, 1, 1, 1, 1, 1, 1, 1, 2, 2, 1, 1, 1, 1, 1, 2, 1, 1, 2, 2, 1, 1, 2, 1, 2, 2, 1, 1, 1, ...
"
"1","   .."
"1",""
"1","@ "
"1",""
"1","label      "
"1",""
"1",":"
"1"," chr "
"1",""
"1","""GEN\\HOME POSSESS\\OWN ROOM"""
"1",""
"1","
"
"1","   .."
"1",""
"1","@ "
"1",""
"1","na_values  "
"1",""
"1",":"
"1"," num "
"1",""
"1","9"
"1",""
"1","
"
"1","   .."
"1",""
"1","@ "
"1",""
"1","format.spss"
"1",""
"1",":"
"1"," chr "
"1",""
"1","""F1.0"""
"1",""
"1","
"
"1","   .."
"1",""
"1","@ "
"1",""
"1","labels     "
"1",""
"1",":"
"1"," Named num [1:3] "
"1",""
"1","1 2 9"
"1",""
"1","
"
"1","   .. .."
"1",""
"1","- attr(*, ""names"")="
"1"," chr [1:3] "
"1",""
"1","""Yes"" ""No"" ""Omitted or invalid"""
"1",""
"1","
"
"1"," "
"1",""
"1","$ "
"1",""
"1","BSBG05G  "
"1",""
"1",":"
"1"," dbl+lbl [1:323920] 1, 1, 1, 1, 2, 9, 1, 2, 1, 1, 1, 1, 1, 1, 1, 1, 1, 1, 1, 1, 1, 1, 2, 2, 1, 1, 1, 1, 1, 1, 1, 1, 2, 1, 1, 1, 1, 1, ...
"
"1","   .."
"1",""
"1","@ "
"1",""
"1","label      "
"1",""
"1",":"
"1"," chr "
"1",""
"1","""GEN\\HOME POSSESS\\<COUNTRY SPECIFIC>"""
"1",""
"1","
"
"1","   .."
"1",""
"1","@ "
"1",""
"1","na_values  "
"1",""
"1",":"
"1"," num "
"1",""
"1","9"
"1",""
"1","
"
"1","   .."
"1",""
"1","@ "
"1",""
"1","format.spss"
"1",""
"1",":"
"1"," chr "
"1",""
"1","""F1.0"""
"1",""
"1","
"
"1","   .."
"1",""
"1","@ "
"1",""
"1","labels     "
"1",""
"1",":"
"1"," Named num [1:3] "
"1",""
"1","1 2 9"
"1",""
"1","
"
"1","   .. .."
"1",""
"1","- attr(*, ""names"")="
"1"," chr [1:3] "
"1",""
"1","""Yes"" ""No"" ""Omitted or invalid"""
"1",""
"1","
"
"1"," "
"1",""
"1","$ "
"1",""
"1","BSBG05H  "
"1",""
"1",":"
"1"," dbl+lbl [1:323920] 2, 2, 2, 2, 2, 9, 1, 2, 1, 1, 2, 1, 2, 2, 1, 1, 2, 2, 2, 2, 1, 2, 2, 2, 2, 1, 9, 2, 2, 1, 2, 2, 2, 2, 2, 1, 1, 1, ...
"
"1","   .."
"1",""
"1","@ "
"1",""
"1","label      "
"1",""
"1",":"
"1"," chr "
"1",""
"1","""GEN\\HOME POSSESS\\<COUNTRY SPECIFIC>"""
"1",""
"1","
"
"1","   .."
"1",""
"1","@ "
"1",""
"1","na_values  "
"1",""
"1",":"
"1"," num "
"1",""
"1","9"
"1",""
"1","
"
"1","   .."
"1",""
"1","@ "
"1",""
"1","format.spss"
"1",""
"1",":"
"1"," chr "
"1",""
"1","""F1.0"""
"1",""
"1","
"
"1","   .."
"1",""
"1","@ "
"1",""
"1","labels     "
"1",""
"1",":"
"1"," Named num [1:3] "
"1",""
"1","1 2 9"
"1",""
"1","
"
"1","   .. .."
"1",""
"1","- attr(*, ""names"")="
"1"," chr [1:3] "
"1",""
"1","""Yes"" ""No"" ""Omitted or invalid"""
"1",""
"1","
"
"1"," "
"1",""
"1","$ "
"1",""
"1","BSBG05I  "
"1",""
"1",":"
"1"," dbl+lbl [1:323920] 1, 2, 2, 2, 1, 9, 2, 1, 1, 1, 1, 1, 2, 1, 2, 2, 2, 2, 2, 2, 2, 1, 2, 2, 2, 2, 9, 1, 2, 1, 1, 2, 1, 2, 2, 1, 2, 1, ...
"
"1","   .."
"1",""
"1","@ "
"1",""
"1","label      "
"1",""
"1",":"
"1"," chr "
"1",""
"1","""GEN\\HOME POSSESS\\<COUNTRY SPECIFIC>"""
"1",""
"1","
"
"1","   .."
"1",""
"1","@ "
"1",""
"1","na_values  "
"1",""
"1",":"
"1"," num "
"1",""
"1","9"
"1",""
"1","
"
"1","   .."
"1",""
"1","@ "
"1",""
"1","format.spss"
"1",""
"1",":"
"1"," chr "
"1",""
"1","""F1.0"""
"1",""
"1","
"
"1","   .."
"1",""
"1","@ "
"1",""
"1","labels     "
"1",""
"1",":"
"1"," Named num [1:3] "
"1",""
"1","1 2 9"
"1",""
"1","
"
"1","   .. .."
"1",""
"1","- attr(*, ""names"")="
"1"," chr [1:3] "
"1",""
"1","""Yes"" ""No"" ""Omitted or invalid"""
"1",""
"1","
"
"1"," "
"1",""
"1","$ "
"1",""
"1","BSBG05J  "
"1",""
"1",":"
"1"," dbl+lbl [1:323920] 2, 2, 2, 2, 1, 9, 2, 2, 2, 2, 1, 2, 2, 2, 2, 2, 2, 2, 2, 2, 2, 2, 2, 1, 2, 1, 9, 1, 2, 1, 1, 1, 1, 2, 2, 1, 1, 1, ...
"
"1","   .."
"1",""
"1","@ "
"1",""
"1","label      "
"1",""
"1",":"
"1"," chr "
"1",""
"1","""GEN\\HOME POSSESS\\<COUNTRY SPECIFIC>"""
"1",""
"1","
"
"1","   .."
"1",""
"1","@ "
"1",""
"1","na_values  "
"1",""
"1",":"
"1"," num "
"1",""
"1","9"
"1",""
"1","
"
"1","   .."
"1",""
"1","@ "
"1",""
"1","format.spss"
"1",""
"1",":"
"1"," chr "
"1",""
"1","""F1.0"""
"1",""
"1","
"
"1","   .."
"1",""
"1","@ "
"1",""
"1","labels     "
"1",""
"1",":"
"1"," Named num [1:3] "
"1",""
"1","1 2 9"
"1",""
"1","
"
"1","   .. .."
"1",""
"1","- attr(*, ""names"")="
"1"," chr [1:3] "
"1",""
"1","""Yes"" ""No"" ""Omitted or invalid"""
"1",""
"1","
"
"1"," "
"1",""
"1","$ "
"1",""
"1","BSBG06A  "
"1",""
"1",":"
"1"," dbl+lbl [1:323920]  5,  6,  9,  8,  1, 99,  2,  4,  6,  5,  7,  1,  4,  8,  6,  6,  8,  3,  6,  5, 99,  8,  1, 99,  3,  6,  4,  2, 99...
"
"1","   .."
"1",""
"1","@ "
"1",""
"1","label      "
"1",""
"1",":"
"1"," chr "
"1",""
"1","""GEN\\HIGHEST LVL OF EDU OF <PARENT/GUARDIAN A>"""
"1",""
"1","
"
"1","   .."
"1",""
"1","@ "
"1",""
"1","na_values  "
"1",""
"1",":"
"1"," num "
"1",""
"1","99"
"1",""
"1","
"
"1","   .."
"1",""
"1","@ "
"1",""
"1","format.spss"
"1",""
"1",":"
"1"," chr "
"1",""
"1","""F2.0"""
"1",""
"1","
"
"1","   .."
"1",""
"1","@ "
"1",""
"1","labels     "
"1",""
"1",":"
"1"," Named num [1:10] "
"1",""
"1","1 2 3 4 5 6 7 8 9 99"
"1",""
"1","
"
"1","   .. .."
"1",""
"1","- attr(*, ""names"")="
"1"," chr [1:10] "
"1",""
"1","""Some <Primary education— ISCED Level 1 or Lower secondary education—ISCED Level 2> or did not go to school"" ""<Lower secondary education—ISCED Level 2>"" ""<Upper secondary education—ISCED Level 3>"" ""<Post-secondary, non-tertiary education—ISCED Level 4>"""
"1",""
"1"," ..."
"1",""
"1","
"
"1"," "
"1",""
"1","$ "
"1",""
"1","BSBG06B  "
"1",""
"1",":"
"1"," dbl+lbl [1:323920]  3,  9, 99, 99,  3, 99, 99,  6,  5,  6,  8,  3,  4,  8,  3, 99,  8,  3,  4,  5, 99,  8,  2, 99,  6,  7, 99, 99, 99...
"
"1","   .."
"1",""
"1","@ "
"1",""
"1","label      "
"1",""
"1",":"
"1"," chr "
"1",""
"1","""GEN\\HIGHEST LVL OF EDU OF <PARENT/GUARDIAN B>"""
"1",""
"1","
"
"1","   .."
"1",""
"1","@ "
"1",""
"1","na_values  "
"1",""
"1",":"
"1"," num "
"1",""
"1","99"
"1",""
"1","
"
"1","   .."
"1",""
"1","@ "
"1",""
"1","format.spss"
"1",""
"1",":"
"1"," chr "
"1",""
"1","""F2.0"""
"1",""
"1","
"
"1","   .."
"1",""
"1","@ "
"1",""
"1","labels     "
"1",""
"1",":"
"1"," Named num [1:10] "
"1",""
"1","1 2 3 4 5 6 7 8 9 99"
"1",""
"1","
"
"1","   .. .."
"1",""
"1","- attr(*, ""names"")="
"1"," chr [1:10] "
"1",""
"1","""Some <Primary education— ISCED Level 1 or Lower secondary education—ISCED Level 2> or did not go to school"" ""<Lower secondary education—ISCED Level 2>"" ""<Upper secondary education—ISCED Level 3>"" ""<Post-secondary, non-tertiary education—ISCED Level 4>"""
"1",""
"1"," ..."
"1",""
"1","
"
"1"," "
"1",""
"1","$ "
"1",""
"1","BSBG07   "
"1",""
"1",":"
"1"," dbl+lbl [1:323920] 6, 6, 2, 4, 2, 9, 1, 2, 4, 6, 4, 4, 3, 2, 6, 4, 2, 6, 5, 5, 5, 5, 3, 2, 6, 6, 2, 9, 9, 2, 2, 5, 2, 9, 2, 2, 1, 1, ...
"
"1","   .."
"1",""
"1","@ "
"1",""
"1","label      "
"1",""
"1",":"
"1"," chr "
"1",""
"1","""GEN\\HOW FAR IN EDU DO YOU EXPECT TO GO"""
"1",""
"1","
"
"1","   .."
"1",""
"1","@ "
"1",""
"1","na_values  "
"1",""
"1",":"
"1"," num "
"1",""
"1","9"
"1",""
"1","
"
"1","   .."
"1",""
"1","@ "
"1",""
"1","format.spss"
"1",""
"1",":"
"1"," chr "
"1",""
"1","""F1.0"""
"1",""
"1","
"
"1","   .."
"1",""
"1","@ "
"1",""
"1","labels     "
"1",""
"1",":"
"1"," Named num [1:7] "
"1",""
"1","1 2 3 4 5 6 9"
"1",""
"1","
"
"1","   .. .."
"1",""
"1","- attr(*, ""names"")="
"1"," chr [1:7] "
"1",""
"1","""Finish <Lower secondary education—ISCED Level 2>"" ""Finish <Upper secondary education—ISCED Level 3>"" ""Finish <Post-secondary, non-tertiary education—ISCED Level 4>"" ""Finish <Short-cycle tertiary education—ISCED Level 5>"""
"1",""
"1"," ..."
"1",""
"1","
"
"1"," "
"1",""
"1","$ "
"1",""
"1","BSBG08A  "
"1",""
"1",":"
"1"," dbl+lbl [1:323920] 1, 1, 1, 1, 3, 9, 3, 1, 1, 1, 1, 1, 1, 1, 1, 1, 1, 1, 1, 1, 2, 3, 1, 1, 3, 1, 1, 1, 1, 1, 1, 1, 1, 3, 2, 1, 3, 1, ...
"
"1","   .."
"1",""
"1","@ "
"1",""
"1","label      "
"1",""
"1",":"
"1"," chr "
"1",""
"1","""GEN\\<PARENT/GUARDIAN A> BORN IN <COUNTRY>"""
"1",""
"1","
"
"1","   .."
"1",""
"1","@ "
"1",""
"1","na_values  "
"1",""
"1",":"
"1"," num "
"1",""
"1","9"
"1",""
"1","
"
"1","   .."
"1",""
"1","@ "
"1",""
"1","format.spss"
"1",""
"1",":"
"1"," chr "
"1",""
"1","""F1.0"""
"1",""
"1","
"
"1","   .."
"1",""
"1","@ "
"1",""
"1","labels     "
"1",""
"1",":"
"1"," Named num [1:5] "
"1",""
"1","1 2 3 4 9"
"1",""
"1","
"
"1","   .. .."
"1",""
"1","- attr(*, ""names"")="
"1"," chr [1:5] "
"1",""
"1","""Yes"" ""No"" ""I don’t know"" ""Not applicable"""
"1",""
"1"," ..."
"1",""
"1","
"
"1"," "
"1",""
"1","$ "
"1",""
"1","BSBG08B  "
"1",""
"1",":"
"1"," dbl+lbl [1:323920] 1, 1, 1, 1, 3, 9, 3, 1, 1, 1, 1, 1, 1, 1, 2, 3, 1, 1, 1, 2, 2, 3, 1, 1, 2, 1, 1, 1, 1, 2, 2, 1, 1, 1, 2, 3, 4, 1, ...
"
"1","   .."
"1",""
"1","@ "
"1",""
"1","label      "
"1",""
"1",":"
"1"," chr "
"1",""
"1","""GEN\\<PARENT/GUARDIAN B> BORN IN <COUNTRY>"""
"1",""
"1","
"
"1","   .."
"1",""
"1","@ "
"1",""
"1","na_values  "
"1",""
"1",":"
"1"," num "
"1",""
"1","9"
"1",""
"1","
"
"1","   .."
"1",""
"1","@ "
"1",""
"1","format.spss"
"1",""
"1",":"
"1"," chr "
"1",""
"1","""F1.0"""
"1",""
"1","
"
"1","   .."
"1",""
"1","@ "
"1",""
"1","labels     "
"1",""
"1",":"
"1"," Named num [1:5] "
"1",""
"1","1 2 3 4 9"
"1",""
"1","
"
"1","   .. .."
"1",""
"1","- attr(*, ""names"")="
"1"," chr [1:5] "
"1",""
"1","""Yes"" ""No"" ""I don’t know"" ""Not applicable"""
"1",""
"1"," ..."
"1",""
"1","
"
"1"," "
"1",""
"1","$ "
"1",""
"1","BSBG09A  "
"1",""
"1",":"
"1"," dbl+lbl [1:323920] 1, 1, 1, 1, 1, 9, 1, 1, 1, 1, 1, 1, 1, 1, 2, 1, 1, 1, 1, 1, 1, 1, 1, 1, 1, 1, 1, 1, 1, 1, 1, 1, 1, 1, 2, 1, 1, 1, ...
"
"1","   .."
"1",""
"1","@ "
"1",""
"1","label      "
"1",""
"1",":"
"1"," chr "
"1",""
"1","""GEN\\BORN IN <COUNTRY>"""
"1",""
"1","
"
"1","   .."
"1",""
"1","@ "
"1",""
"1","na_values  "
"1",""
"1",":"
"1"," num "
"1",""
"1","9"
"1",""
"1","
"
"1","   .."
"1",""
"1","@ "
"1",""
"1","format.spss"
"1",""
"1",":"
"1"," chr "
"1",""
"1","""F1.0"""
"1",""
"1","
"
"1","   .."
"1",""
"1","@ "
"1",""
"1","labels     "
"1",""
"1",":"
"1"," Named num [1:3] "
"1",""
"1","1 2 9"
"1",""
"1","
"
"1","   .. .."
"1",""
"1","- attr(*, ""names"")="
"1"," chr [1:3] "
"1",""
"1","""Yes"" ""No"" ""Omitted or invalid"""
"1",""
"1","
"
"1"," "
"1",""
"1","$ "
"1",""
"1","BSBG09B  "
"1",""
"1",":"
"1"," dbl+lbl [1:323920] 6, 6, 6, 6, 6, 9, 6, 6, 6, 6, 6, 6, 6, 6, 3, 6, 6, 6, 6, 6, 6, 6, 6, 6, 6, 6, 6, 6, 6, 6, 6, 6, 6, 6, 2, 6, 6, 6, ...
"
"1","   .."
"1",""
"1","@ "
"1",""
"1","label      "
"1",""
"1",":"
"1"," chr "
"1",""
"1","""GEN\\BORN IN <COUNTRY>\\AGE CAME TO COUNTRY"""
"1",""
"1","
"
"1","   .."
"1",""
"1","@ "
"1",""
"1","na_values  "
"1",""
"1",":"
"1"," num [1:2] "
"1",""
"1","6 9"
"1",""
"1","
"
"1","   .."
"1",""
"1","@ "
"1",""
"1","format.spss"
"1",""
"1",":"
"1"," chr "
"1",""
"1","""F1.0"""
"1",""
"1","
"
"1","   .."
"1",""
"1","@ "
"1",""
"1","labels     "
"1",""
"1",":"
"1"," Named num [1:5] "
"1",""
"1","1 2 3 6 9"
"1",""
"1","
"
"1","   .. .."
"1",""
"1","- attr(*, ""names"")="
"1"," chr [1:5] "
"1",""
"1","""Older than 10 years old"" ""5 to 10 years old"" ""Younger than 5 years old"" ""Logically not applicable"""
"1",""
"1"," ..."
"1",""
"1","
"
"1"," "
"1",""
"1","$ "
"1",""
"1","BSBG10   "
"1",""
"1",":"
"1"," dbl+lbl [1:323920] 5, 2, 5, 2, 5, 9, 9, 5, 5, 3, 5, 1, 1, 1, 5, 4, 3, 5, 4, 3, 2, 5, 2, 5, 5, 4, 5, 5, 2, 2, 1, 3, 4, 5, 4, 2, 2, 2, ...
"
"1","   .."
"1",""
"1","@ "
"1",""
"1","label      "
"1",""
"1",":"
"1"," chr "
"1",""
"1","""GEN\\ABOUT HOW OFTEN ABSENT FROM SCHOOL"""
"1",""
"1","
"
"1","   .."
"1",""
"1","@ "
"1",""
"1","na_values  "
"1",""
"1",":"
"1"," num "
"1",""
"1","9"
"1",""
"1","
"
"1","   .."
"1",""
"1","@ "
"1",""
"1","format.spss"
"1",""
"1",":"
"1"," chr "
"1",""
"1","""F1.0"""
"1",""
"1","
"
"1","   .."
"1",""
"1","@ "
"1",""
"1","labels     "
"1",""
"1",":"
"1"," Named num [1:6] "
"1",""
"1","1 2 3 4 5 9"
"1",""
"1","
"
"1","   .. .."
"1",""
"1","- attr(*, ""names"")="
"1"," chr [1:6] "
"1",""
"1","""Once a week"" ""Once every two weeks"" ""Once a month"" ""Once every two months"""
"1",""
"1"," ..."
"1",""
"1","
"
"1"," "
"1",""
"1","$ "
"1",""
"1","BSBG11A  "
"1",""
"1",":"
"1"," dbl+lbl [1:323920] 2, 1, 3, 2, 2, 9, 3, 1, 4, 1, 2, 1, 2, 3, 4, 3, 1, 2, 3, 3, 2, 2, 1, 2, 1, 2, 2, 3, 1, 3, 3, 2, 4, 3, 2, 3, 1, 3, ...
"
"1","   .."
"1",""
"1","@ "
"1",""
"1","label      "
"1",""
"1",":"
"1"," chr "
"1",""
"1","""GEN\\HOW OFTEN\\TIRED"""
"1",""
"1","
"
"1","   .."
"1",""
"1","@ "
"1",""
"1","na_values  "
"1",""
"1",":"
"1"," num "
"1",""
"1","9"
"1",""
"1","
"
"1","   .."
"1",""
"1","@ "
"1",""
"1","format.spss"
"1",""
"1",":"
"1"," chr "
"1",""
"1","""F1.0"""
"1",""
"1","
"
"1","   .."
"1",""
"1","@ "
"1",""
"1","labels     "
"1",""
"1",":"
"1"," Named num [1:5] "
"1",""
"1","1 2 3 4 9"
"1",""
"1","
"
"1","   .. .."
"1",""
"1","- attr(*, ""names"")="
"1"," chr [1:5] "
"1",""
"1","""Every day"" ""Almost every day"" ""Sometimes"" ""Never"""
"1",""
"1"," ..."
"1",""
"1","
"
"1"," "
"1",""
"1","$ "
"1",""
"1","BSBG11B  "
"1",""
"1",":"
"1"," dbl+lbl [1:323920] 3, 1, 4, 2, 2, 9, 1, 3, 3, 2, 3, 2, 2, 3, 3, 3, 2, 3, 1, 2, 3, 2, 2, 3, 1, 1, 1, 3, 1, 3, 4, 3, 4, 3, 9, 4, 3, 3, ...
"
"1","   .."
"1",""
"1","@ "
"1",""
"1","label      "
"1",""
"1",":"
"1"," chr "
"1",""
"1","""GEN\\HOW OFTEN\\HUNGRY"""
"1",""
"1","
"
"1","   .."
"1",""
"1","@ "
"1",""
"1","na_values  "
"1",""
"1",":"
"1"," num "
"1",""
"1","9"
"1",""
"1","
"
"1","   .."
"1",""
"1","@ "
"1",""
"1","format.spss"
"1",""
"1",":"
"1"," chr "
"1",""
"1","""F1.0"""
"1",""
"1","
"
"1","   .."
"1",""
"1","@ "
"1",""
"1","labels     "
"1",""
"1",":"
"1"," Named num [1:5] "
"1",""
"1","1 2 3 4 9"
"1",""
"1","
"
"1","   .. .."
"1",""
"1","- attr(*, ""names"")="
"1"," chr [1:5] "
"1",""
"1","""Every day"" ""Almost every day"" ""Sometimes"" ""Never"""
"1",""
"1"," ..."
"1",""
"1","
"
"1"," "
"1",""
"1","$ "
"1",""
"1","BSBG12A  "
"1",""
"1",":"
"1"," dbl+lbl [1:323920] 1, 1, 1, 2, 9, 9, 1, 1, 1, 1, 1, 1, 1, 1, 1, 1, 9, 1, 1, 2, 9, 1, 1, 9, 1, 2, 9, 1, 2, 1, 1, 1, 1, 9, 9, 3, 1, 1, ...
"
"1","   .."
"1",""
"1","@ "
"1",""
"1","label      "
"1",""
"1",":"
"1"," chr "
"1",""
"1","""GEN\\INTERNET USE\\HOW OFTEN\\ACCESS TEXTBOOKS"""
"1",""
"1","
"
"1","   .."
"1",""
"1","@ "
"1",""
"1","na_values  "
"1",""
"1",":"
"1"," num "
"1",""
"1","9"
"1",""
"1","
"
"1","   .."
"1",""
"1","@ "
"1",""
"1","format.spss"
"1",""
"1",":"
"1"," chr "
"1",""
"1","""F1.0"""
"1",""
"1","
"
"1","   .."
"1",""
"1","@ "
"1",""
"1","labels     "
"1",""
"1",":"
"1"," Named num [1:4] "
"1",""
"1","1 2 3 9"
"1",""
"1","
"
"1","   .. .."
"1",""
"1","- attr(*, ""names"")="
"1"," chr [1:4] "
"1",""
"1","""At least once a week"" ""Once or twice a month"" ""Never or almost never"" ""Omitted or invalid"""
"1",""
"1","
"
"1"," "
"1",""
"1","$ "
"1",""
"1","BSBG12B  "
"1",""
"1",":"
"1"," dbl+lbl [1:323920] 1, 2, 1, 2, 9, 9, 1, 2, 1, 1, 1, 9, 1, 2, 1, 3, 9, 1, 2, 1, 1, 1, 9, 9, 1, 1, 9, 2, 3, 1, 1, 1, 3, 9, 9, 3, 1, 3, ...
"
"1","   .."
"1",""
"1","@ "
"1",""
"1","label      "
"1",""
"1",":"
"1"," chr "
"1",""
"1","""GEN\\INTERNET USE\\HOW OFTEN\\ACCESS ASSIGNMENTS"""
"1",""
"1","
"
"1","   .."
"1",""
"1","@ "
"1",""
"1","na_values  "
"1",""
"1",":"
"1"," num "
"1",""
"1","9"
"1",""
"1","
"
"1","   .."
"1",""
"1","@ "
"1",""
"1","format.spss"
"1",""
"1",":"
"1"," chr "
"1",""
"1","""F1.0"""
"1",""
"1","
"
"1","   .."
"1",""
"1","@ "
"1",""
"1","labels     "
"1",""
"1",":"
"1"," Named num [1:4] "
"1",""
"1","1 2 3 9"
"1",""
"1","
"
"1","   .. .."
"1",""
"1","- attr(*, ""names"")="
"1"," chr [1:4] "
"1",""
"1","""At least once a week"" ""Once or twice a month"" ""Never or almost never"" ""Omitted or invalid"""
"1",""
"1","
"
"1"," "
"1",""
"1","$ "
"1",""
"1","BSBG12C  "
"1",""
"1",":"
"1"," dbl+lbl [1:323920] 1, 2, 1, 2, 9, 9, 1, 9, 9, 1, 1, 1, 1, 1, 1, 1, 1, 1, 1, 2, 2, 1, 2, 9, 1, 1, 9, 1, 3, 1, 1, 1, 2, 9, 9, 1, 1, 2, ...
"
"1","   .."
"1",""
"1","@ "
"1",""
"1","label      "
"1",""
"1",":"
"1"," chr "
"1",""
"1","""GEN\\INTERNET USE\\HOW OFTEN\\COLLABORATE WITH CLASSMATES"""
"1",""
"1","
"
"1","   .."
"1",""
"1","@ "
"1",""
"1","na_values  "
"1",""
"1",":"
"1"," num "
"1",""
"1","9"
"1",""
"1","
"
"1","   .."
"1",""
"1","@ "
"1",""
"1","format.spss"
"1",""
"1",":"
"1"," chr "
"1",""
"1","""F1.0"""
"1",""
"1","
"
"1","   .."
"1",""
"1","@ "
"1",""
"1","labels     "
"1",""
"1",":"
"1"," Named num [1:4] "
"1",""
"1","1 2 3 9"
"1",""
"1","
"
"1","   .. .."
"1",""
"1","- attr(*, ""names"")="
"1"," chr [1:4] "
"1",""
"1","""At least once a week"" ""Once or twice a month"" ""Never or almost never"" ""Omitted or invalid"""
"1",""
"1","
"
"1"," "
"1",""
"1","$ "
"1",""
"1","BSBG12D  "
"1",""
"1",":"
"1"," dbl+lbl [1:323920] 1, 1, 1, 2, 9, 9, 1, 3, 2, 1, 1, 9, 1, 1, 1, 1, 1, 1, 1, 2, 1, 9, 1, 9, 1, 1, 9, 2, 3, 1, 1, 1, 3, 9, 9, 3, 1, 2, ...
"
"1","   .."
"1",""
"1","@ "
"1",""
"1","label      "
"1",""
"1",":"
"1"," chr "
"1",""
"1","""GEN\\INTERNET USE\\HOW OFTEN\\ASK TEACHER QUESTIONS"""
"1",""
"1","
"
"1","   .."
"1",""
"1","@ "
"1",""
"1","na_values  "
"1",""
"1",":"
"1"," num "
"1",""
"1","9"
"1",""
"1","
"
"1","   .."
"1",""
"1","@ "
"1",""
"1","format.spss"
"1",""
"1",":"
"1"," chr "
"1",""
"1","""F1.0"""
"1",""
"1","
"
"1","   .."
"1",""
"1","@ "
"1",""
"1","labels     "
"1",""
"1",":"
"1"," Named num [1:4] "
"1",""
"1","1 2 3 9"
"1",""
"1","
"
"1","   .. .."
"1",""
"1","- attr(*, ""names"")="
"1"," chr [1:4] "
"1",""
"1","""At least once a week"" ""Once or twice a month"" ""Never or almost never"" ""Omitted or invalid"""
"1",""
"1","
"
"1"," "
"1",""
"1","$ "
"1",""
"1","BSBG12E  "
"1",""
"1",":"
"1"," dbl+lbl [1:323920] 1, 1, 2, 2, 9, 9, 1, 2, 2, 1, 3, 9, 1, 1, 1, 1, 1, 1, 1, 1, 2, 2, 3, 9, 1, 1, 9, 2, 2, 1, 2, 1, 1, 9, 3, 2, 1, 1, ...
"
"1","   .."
"1",""
"1","@ "
"1",""
"1","label      "
"1",""
"1",":"
"1"," chr "
"1",""
"1","""GEN\\INTERNET USE\\HOW OFTEN\\FIND INFO TO AID IN MATH OR SCI"""
"1",""
"1","
"
"1","   .."
"1",""
"1","@ "
"1",""
"1","na_values  "
"1",""
"1",":"
"1"," num "
"1",""
"1","9"
"1",""
"1","
"
"1","   .."
"1",""
"1","@ "
"1",""
"1","format.spss"
"1",""
"1",":"
"1"," chr "
"1",""
"1","""F1.0"""
"1",""
"1","
"
"1","   .."
"1",""
"1","@ "
"1",""
"1","labels     "
"1",""
"1",":"
"1"," Named num [1:4] "
"1",""
"1","1 2 3 9"
"1",""
"1","
"
"1","   .. .."
"1",""
"1","- attr(*, ""names"")="
"1"," chr [1:4] "
"1",""
"1","""At least once a week"" ""Once or twice a month"" ""Never or almost never"" ""Omitted or invalid"""
"1",""
"1","
"
"1"," "
"1",""
"1","$ "
"1",""
"1","BSBG12F  "
"1",""
"1",":"
"1"," dbl+lbl [1:323920] 1, 1, 3, 2, 9, 9, 1, 3, 2, 1, 3, 3, 1, 1, 1, 3, 9, 1, 1, 1, 2, 1, 2, 9, 1, 1, 9, 2, 2, 1, 1, 1, 3, 9, 2, 3, 1, 3, ...
"
"1","   .."
"1",""
"1","@ "
"1",""
"1","label      "
"1",""
"1",":"
"1"," chr "
"1",""
"1","""GEN\\INTERNET USE\\HOW OFTEN\\ACCESS LEARNING GAMES"""
"1",""
"1","
"
"1","   .."
"1",""
"1","@ "
"1",""
"1","na_values  "
"1",""
"1",":"
"1"," num "
"1",""
"1","9"
"1",""
"1","
"
"1","   .."
"1",""
"1","@ "
"1",""
"1","format.spss"
"1",""
"1",":"
"1"," chr "
"1",""
"1","""F1.0"""
"1",""
"1","
"
"1","   .."
"1",""
"1","@ "
"1",""
"1","labels     "
"1",""
"1",":"
"1"," Named num [1:4] "
"1",""
"1","1 2 3 9"
"1",""
"1","
"
"1","   .. .."
"1",""
"1","- attr(*, ""names"")="
"1"," chr [1:4] "
"1",""
"1","""At least once a week"" ""Once or twice a month"" ""Never or almost never"" ""Omitted or invalid"""
"1",""
"1","
"
"1"," "
"1",""
"1","$ "
"1",""
"1","BSBG13A  "
"1",""
"1",":"
"1"," dbl+lbl [1:323920] 1, 2, 1, 1, 9, 9, 9, 1, 1, 1, 1, 2, 1, 3, 1, 1, 1, 1, 2, 1, 2, 1, 1, 9, 1, 9, 9, 2, 2, 2, 1, 1, 1, 9, 9, 3, 1, 3, ...
"
"1","   .."
"1",""
"1","@ "
"1",""
"1","label      "
"1",""
"1",":"
"1"," chr "
"1",""
"1","""GEN\\AGREE\\WRITE TEXT ON COMPUTER"""
"1",""
"1","
"
"1","   .."
"1",""
"1","@ "
"1",""
"1","na_values  "
"1",""
"1",":"
"1"," num "
"1",""
"1","9"
"1",""
"1","
"
"1","   .."
"1",""
"1","@ "
"1",""
"1","format.spss"
"1",""
"1",":"
"1"," chr "
"1",""
"1","""F1.0"""
"1",""
"1","
"
"1","   .."
"1",""
"1","@ "
"1",""
"1","labels     "
"1",""
"1",":"
"1"," Named num [1:5] "
"1",""
"1","1 2 3 4 9"
"1",""
"1","
"
"1","   .. .."
"1",""
"1","- attr(*, ""names"")="
"1"," chr [1:5] "
"1",""
"1","""Agree a lot"" ""Agree a little"" ""Disagree a little"" ""Disagree a lot"""
"1",""
"1"," ..."
"1",""
"1","
"
"1"," "
"1",""
"1","$ "
"1",""
"1","BSBG13B  "
"1",""
"1",":"
"1"," dbl+lbl [1:323920] 1, 2, 2, 2, 9, 9, 9, 2, 1, 1, 1, 1, 1, 3, 1, 1, 1, 9, 2, 1, 1, 2, 2, 9, 1, 9, 9, 2, 2, 2, 2, 1, 2, 9, 9, 3, 1, 2, ...
"
"1","   .."
"1",""
"1","@ "
"1",""
"1","label      "
"1",""
"1",":"
"1"," chr "
"1",""
"1","""GEN\\AGREE\\CREATE PRESENTATIONS ON COMPUTER"""
"1",""
"1","
"
"1","   .."
"1",""
"1","@ "
"1",""
"1","na_values  "
"1",""
"1",":"
"1"," num "
"1",""
"1","9"
"1",""
"1","
"
"1","   .."
"1",""
"1","@ "
"1",""
"1","format.spss"
"1",""
"1",":"
"1"," chr "
"1",""
"1","""F1.0"""
"1",""
"1","
"
"1","   .."
"1",""
"1","@ "
"1",""
"1","labels     "
"1",""
"1",":"
"1"," Named num [1:5] "
"1",""
"1","1 2 3 4 9"
"1",""
"1","
"
"1","   .. .."
"1",""
"1","- attr(*, ""names"")="
"1"," chr [1:5] "
"1",""
"1","""Agree a lot"" ""Agree a little"" ""Disagree a little"" ""Disagree a lot"""
"1",""
"1"," ..."
"1",""
"1","
"
"1"," "
"1",""
"1","$ "
"1",""
"1","BSBG13C  "
"1",""
"1",":"
"1"," dbl+lbl [1:323920] 1, 3, 3, 2, 9, 9, 9, 9, 3, 1, 2, 3, 1, 3, 1, 2, 1, 2, 3, 1, 2, 1, 3, 9, 2, 9, 9, 2, 2, 2, 3, 1, 2, 9, 9, 3, 1, 2, ...
"
"1","   .."
"1",""
"1","@ "
"1",""
"1","label      "
"1",""
"1",":"
"1"," chr "
"1",""
"1","""GEN\\AGREE\\CREATE GRAPHS ON COMPUTER"""
"1",""
"1","
"
"1","   .."
"1",""
"1","@ "
"1",""
"1","na_values  "
"1",""
"1",":"
"1"," num "
"1",""
"1","9"
"1",""
"1","
"
"1","   .."
"1",""
"1","@ "
"1",""
"1","format.spss"
"1",""
"1",":"
"1"," chr "
"1",""
"1","""F1.0"""
"1",""
"1","
"
"1","   .."
"1",""
"1","@ "
"1",""
"1","labels     "
"1",""
"1",":"
"1"," Named num [1:5] "
"1",""
"1","1 2 3 4 9"
"1",""
"1","
"
"1","   .. .."
"1",""
"1","- attr(*, ""names"")="
"1"," chr [1:5] "
"1",""
"1","""Agree a lot"" ""Agree a little"" ""Disagree a little"" ""Disagree a lot"""
"1",""
"1"," ..."
"1",""
"1","
"
"1"," "
"1",""
"1","$ "
"1",""
"1","BSBG13D  "
"1",""
"1",":"
"1"," dbl+lbl [1:323920] 1, 1, 1, 1, 9, 9, 9, 3, 2, 1, 1, 1, 1, 3, 1, 1, 1, 2, 1, 1, 1, 1, 4, 9, 1, 9, 9, 2, 2, 2, 1, 1, 3, 9, 9, 3, 1, 3, ...
"
"1","   .."
"1",""
"1","@ "
"1",""
"1","label      "
"1",""
"1",":"
"1"," chr "
"1",""
"1","""GEN\\AGREE\\FIND INFORMATION ONLINE"""
"1",""
"1","
"
"1","   .."
"1",""
"1","@ "
"1",""
"1","na_values  "
"1",""
"1",":"
"1"," num "
"1",""
"1","9"
"1",""
"1","
"
"1","   .."
"1",""
"1","@ "
"1",""
"1","format.spss"
"1",""
"1",":"
"1"," chr "
"1",""
"1","""F1.0"""
"1",""
"1","
"
"1","   .."
"1",""
"1","@ "
"1",""
"1","labels     "
"1",""
"1",":"
"1"," Named num [1:5] "
"1",""
"1","1 2 3 4 9"
"1",""
"1","
"
"1","   .. .."
"1",""
"1","- attr(*, ""names"")="
"1"," chr [1:5] "
"1",""
"1","""Agree a lot"" ""Agree a little"" ""Disagree a little"" ""Disagree a lot"""
"1",""
"1"," ..."
"1",""
"1","
"
"1"," "
"1",""
"1","$ "
"1",""
"1","BSBG13E  "
"1",""
"1",":"
"1"," dbl+lbl [1:323920] 1, 2, 3, 2, 9, 9, 9, 9, 1, 1, 1, 2, 1, 3, 1, 2, 1, 3, 1, 1, 2, 2, 1, 9, 1, 9, 9, 2, 2, 2, 2, 1, 1, 9, 4, 3, 1, 2, ...
"
"1","   .."
"1",""
"1","@ "
"1",""
"1","label      "
"1",""
"1",":"
"1"," chr "
"1",""
"1","""GEN\\AGREE\\TELL IF WEBSITE IS TRUSTWORTHY"""
"1",""
"1","
"
"1","   .."
"1",""
"1","@ "
"1",""
"1","na_values  "
"1",""
"1",":"
"1"," num "
"1",""
"1","9"
"1",""
"1","
"
"1","   .."
"1",""
"1","@ "
"1",""
"1","format.spss"
"1",""
"1",":"
"1"," chr "
"1",""
"1","""F1.0"""
"1",""
"1","
"
"1","   .."
"1",""
"1","@ "
"1",""
"1","labels     "
"1",""
"1",":"
"1"," Named num [1:5] "
"1",""
"1","1 2 3 4 9"
"1",""
"1","
"
"1","   .. .."
"1",""
"1","- attr(*, ""names"")="
"1"," chr [1:5] "
"1",""
"1","""Agree a lot"" ""Agree a little"" ""Disagree a little"" ""Disagree a lot"""
"1",""
"1"," ..."
"1",""
"1","
"
"1"," "
"1",""
"1","$ "
"1",""
"1","BSBG13F  "
"1",""
"1",":"
"1"," dbl+lbl [1:323920] 1, 1, 1, 1, 9, 9, 9, 4, 1, 1, 1, 2, 1, 9, 1, 1, 1, 2, 1, 1, 2, 1, 2, 9, 1, 9, 9, 2, 2, 2, 1, 1, 4, 9, 9, 3, 1, 3, ...
"
"1","   .."
"1",""
"1","@ "
"1",""
"1","label      "
"1",""
"1",":"
"1"," chr "
"1",""
"1","""GEN\\AGREE\\NEW THINGS ON COMPUTER"""
"1",""
"1","
"
"1","   .."
"1",""
"1","@ "
"1",""
"1","na_values  "
"1",""
"1",":"
"1"," num "
"1",""
"1","9"
"1",""
"1","
"
"1","   .."
"1",""
"1","@ "
"1",""
"1","format.spss"
"1",""
"1",":"
"1"," chr "
"1",""
"1","""F1.0"""
"1",""
"1","
"
"1","   .."
"1",""
"1","@ "
"1",""
"1","labels     "
"1",""
"1",":"
"1"," Named num [1:5] "
"1",""
"1","1 2 3 4 9"
"1",""
"1","
"
"1","   .. .."
"1",""
"1","- attr(*, ""names"")="
"1"," chr [1:5] "
"1",""
"1","""Agree a lot"" ""Agree a little"" ""Disagree a little"" ""Disagree a lot"""
"1",""
"1"," ..."
"1",""
"1","
"
"1"," "
"1",""
"1","$ "
"1",""
"1","BSBG13G  "
"1",""
"1",":"
"1"," dbl+lbl [1:323920] 1, 1, 1, 2, 9, 9, 9, 3, 1, 1, 1, 1, 1, 3, 1, 2, 1, 1, 1, 1, 2, 1, 3, 9, 1, 9, 9, 2, 2, 2, 1, 1, 2, 9, 9, 3, 1, 3, ...
"
"1","   .."
"1",""
"1","@ "
"1",""
"1","label      "
"1",""
"1",":"
"1"," chr "
"1",""
"1","""GEN\\AGREE\\HELP FRIENDS AND FAMILY"""
"1",""
"1","
"
"1","   .."
"1",""
"1","@ "
"1",""
"1","na_values  "
"1",""
"1",":"
"1"," num "
"1",""
"1","9"
"1",""
"1","
"
"1","   .."
"1",""
"1","@ "
"1",""
"1","format.spss"
"1",""
"1",":"
"1"," chr "
"1",""
"1","""F1.0"""
"1",""
"1","
"
"1","   .."
"1",""
"1","@ "
"1",""
"1","labels     "
"1",""
"1",":"
"1"," Named num [1:5] "
"1",""
"1","1 2 3 4 9"
"1",""
"1","
"
"1","   .. .."
"1",""
"1","- attr(*, ""names"")="
"1"," chr [1:5] "
"1",""
"1","""Agree a lot"" ""Agree a little"" ""Disagree a little"" ""Disagree a lot"""
"1",""
"1"," ..."
"1",""
"1","
"
"1"," "
"1",""
"1","$ "
"1",""
"1","BSBG14A  "
"1",""
"1",":"
"1"," dbl+lbl [1:323920] 1, 1, 3, 2, 9, 1, 9, 1, 1, 1, 2, 1, 2, 3, 4, 3, 1, 2, 2, 2, 2, 1, 1, 9, 4, 1, 9, 2, 2, 2, 1, 1, 1, 3, 9, 9, 1, 1, ...
"
"1","   .."
"1",""
"1","@ "
"1",""
"1","label      "
"1",""
"1",":"
"1"," chr "
"1",""
"1","""GEN\\AGREE\\PROTECTION OF PLANTS AND ANIMALS"""
"1",""
"1","
"
"1","   .."
"1",""
"1","@ "
"1",""
"1","na_values  "
"1",""
"1",":"
"1"," num "
"1",""
"1","9"
"1",""
"1","
"
"1","   .."
"1",""
"1","@ "
"1",""
"1","format.spss"
"1",""
"1",":"
"1"," chr "
"1",""
"1","""F1.0"""
"1",""
"1","
"
"1","   .."
"1",""
"1","@ "
"1",""
"1","labels     "
"1",""
"1",":"
"1"," Named num [1:5] "
"1",""
"1","1 2 3 4 9"
"1",""
"1","
"
"1","   .. .."
"1",""
"1","- attr(*, ""names"")="
"1"," chr [1:5] "
"1",""
"1","""Agree a lot"" ""Agree a little"" ""Disagree a little"" ""Disagree a lot"""
"1",""
"1"," ..."
"1",""
"1","
"
"1"," "
"1",""
"1","$ "
"1",""
"1","BSBG14B  "
"1",""
"1",":"
"1"," dbl+lbl [1:323920] 1, 2, 2, 2, 9, 2, 9, 1, 2, 1, 2, 2, 1, 3, 4, 2, 1, 9, 1, 1, 2, 1, 2, 9, 1, 1, 9, 2, 2, 2, 1, 1, 4, 2, 9, 9, 1, 1, ...
"
"1","   .."
"1",""
"1","@ "
"1",""
"1","label      "
"1",""
"1",":"
"1"," chr "
"1",""
"1","""GEN\\AGREE\\NATURE BENEFITS"""
"1",""
"1","
"
"1","   .."
"1",""
"1","@ "
"1",""
"1","na_values  "
"1",""
"1",":"
"1"," num "
"1",""
"1","9"
"1",""
"1","
"
"1","   .."
"1",""
"1","@ "
"1",""
"1","format.spss"
"1",""
"1",":"
"1"," chr "
"1",""
"1","""F1.0"""
"1",""
"1","
"
"1","   .."
"1",""
"1","@ "
"1",""
"1","labels     "
"1",""
"1",":"
"1"," Named num [1:5] "
"1",""
"1","1 2 3 4 9"
"1",""
"1","
"
"1","   .. .."
"1",""
"1","- attr(*, ""names"")="
"1"," chr [1:5] "
"1",""
"1","""Agree a lot"" ""Agree a little"" ""Disagree a little"" ""Disagree a lot"""
"1",""
"1"," ..."
"1",""
"1","
"
"1"," "
"1",""
"1","$ "
"1",""
"1","BSBG14C  "
"1",""
"1",":"
"1"," dbl+lbl [1:323920] 1, 2, 2, 3, 9, 9, 9, 1, 1, 1, 1, 2, 1, 3, 4, 2, 1, 1, 1, 1, 1, 1, 3, 9, 1, 1, 9, 2, 2, 2, 1, 1, 2, 9, 9, 9, 1, 1, ...
"
"1","   .."
"1",""
"1","@ "
"1",""
"1","label      "
"1",""
"1",":"
"1"," chr "
"1",""
"1","""GEN\\AGREE\\MOST IMPORTANT REASON"""
"1",""
"1","
"
"1","   .."
"1",""
"1","@ "
"1",""
"1","na_values  "
"1",""
"1",":"
"1"," num "
"1",""
"1","9"
"1",""
"1","
"
"1","   .."
"1",""
"1","@ "
"1",""
"1","format.spss"
"1",""
"1",":"
"1"," chr "
"1",""
"1","""F1.0"""
"1",""
"1","
"
"1","   .."
"1",""
"1","@ "
"1",""
"1","labels     "
"1",""
"1",":"
"1"," Named num [1:5] "
"1",""
"1","1 2 3 4 9"
"1",""
"1","
"
"1","   .. .."
"1",""
"1","- attr(*, ""names"")="
"1"," chr [1:5] "
"1",""
"1","""Agree a lot"" ""Agree a little"" ""Disagree a little"" ""Disagree a lot"""
"1",""
"1"," ..."
"1",""
"1","
"
"1"," "
"1",""
"1","$ "
"1",""
"1","BSBG14D  "
"1",""
"1",":"
"1"," dbl+lbl [1:323920] 1, 2, 2, 2, 9, 9, 9, 9, 1, 1, 1, 1, 1, 3, 4, 2, 9, 2, 1, 2, 2, 1, 4, 9, 1, 1, 9, 2, 2, 2, 2, 1, 3, 9, 9, 9, 1, 3, ...
"
"1","   .."
"1",""
"1","@ "
"1",""
"1","label      "
"1",""
"1",":"
"1"," chr "
"1",""
"1","""GEN\\AGREE\\SCI AND TECH SOLVE"""
"1",""
"1","
"
"1","   .."
"1",""
"1","@ "
"1",""
"1","na_values  "
"1",""
"1",":"
"1"," num "
"1",""
"1","9"
"1",""
"1","
"
"1","   .."
"1",""
"1","@ "
"1",""
"1","format.spss"
"1",""
"1",":"
"1"," chr "
"1",""
"1","""F1.0"""
"1",""
"1","
"
"1","   .."
"1",""
"1","@ "
"1",""
"1","labels     "
"1",""
"1",":"
"1"," Named num [1:5] "
"1",""
"1","1 2 3 4 9"
"1",""
"1","
"
"1","   .. .."
"1",""
"1","- attr(*, ""names"")="
"1"," chr [1:5] "
"1",""
"1","""Agree a lot"" ""Agree a little"" ""Disagree a little"" ""Disagree a lot"""
"1",""
"1"," ..."
"1",""
"1","
"
"1"," "
"1",""
"1","$ "
"1",""
"1","BSBG14E  "
"1",""
"1",":"
"1"," dbl+lbl [1:323920] 1, 1, 2, 1, 9, 9, 9, 2, 2, 1, 3, 2, 1, 3, 4, 2, 1, 1, 1, 1, 1, 2, 1, 9, 4, 1, 9, 2, 2, 2, 2, 1, 2, 9, 9, 9, 1, 1, ...
"
"1","   .."
"1",""
"1","@ "
"1",""
"1","label      "
"1",""
"1",":"
"1"," chr "
"1",""
"1","""GEN\\AGREE\\SAD WHEN NATURE DESTROYED"""
"1",""
"1","
"
"1","   .."
"1",""
"1","@ "
"1",""
"1","na_values  "
"1",""
"1",":"
"1"," num "
"1",""
"1","9"
"1",""
"1","
"
"1","   .."
"1",""
"1","@ "
"1",""
"1","format.spss"
"1",""
"1",":"
"1"," chr "
"1",""
"1","""F1.0"""
"1",""
"1","
"
"1","   .."
"1",""
"1","@ "
"1",""
"1","labels     "
"1",""
"1",":"
"1"," Named num [1:5] "
"1",""
"1","1 2 3 4 9"
"1",""
"1","
"
"1","   .. .."
"1",""
"1","- attr(*, ""names"")="
"1"," chr [1:5] "
"1",""
"1","""Agree a lot"" ""Agree a little"" ""Disagree a little"" ""Disagree a lot"""
"1",""
"1"," ..."
"1",""
"1","
"
"1"," "
"1",""
"1","$ "
"1",""
"1","BSBG14F  "
"1",""
"1",":"
"1"," dbl+lbl [1:323920] 1, 2, 2, 9, 9, 9, 9, 3, 2, 1, 3, 2, 1, 3, 4, 1, 9, 1, 1, 1, 2, 1, 2, 9, 2, 1, 9, 2, 2, 2, 1, 1, 4, 9, 9, 9, 1, 1, ...
"
"1","   .."
"1",""
"1","@ "
"1",""
"1","label      "
"1",""
"1",":"
"1"," chr "
"1",""
"1","""GEN\\AGREE\\LEARN ABOUT PLANTS AND ANIMALS"""
"1",""
"1","
"
"1","   .."
"1",""
"1","@ "
"1",""
"1","na_values  "
"1",""
"1",":"
"1"," num "
"1",""
"1","9"
"1",""
"1","
"
"1","   .."
"1",""
"1","@ "
"1",""
"1","format.spss"
"1",""
"1",":"
"1"," chr "
"1",""
"1","""F1.0"""
"1",""
"1","
"
"1","   .."
"1",""
"1","@ "
"1",""
"1","labels     "
"1",""
"1",":"
"1"," Named num [1:5] "
"1",""
"1","1 2 3 4 9"
"1",""
"1","
"
"1","   .. .."
"1",""
"1","- attr(*, ""names"")="
"1"," chr [1:5] "
"1",""
"1","""Agree a lot"" ""Agree a little"" ""Disagree a little"" ""Disagree a lot"""
"1",""
"1"," ..."
"1",""
"1","
"
"1"," "
"1",""
"1","$ "
"1",""
"1","BSBG14G  "
"1",""
"1",":"
"1"," dbl+lbl [1:323920] 1, 2, 2, 3, 9, 9, 9, 3, 1, 1, 2, 1, 2, 3, 4, 1, 9, 1, 1, 1, 1, 2, 3, 9, 1, 1, 9, 2, 2, 2, 2, 1, 3, 9, 3, 9, 1, 1, ...
"
"1","   .."
"1",""
"1","@ "
"1",""
"1","label      "
"1",""
"1",":"
"1"," chr "
"1",""
"1","""GEN\\AGREE\\ENJOY BEING IN NATURE"""
"1",""
"1","
"
"1","   .."
"1",""
"1","@ "
"1",""
"1","na_values  "
"1",""
"1",":"
"1"," num "
"1",""
"1","9"
"1",""
"1","
"
"1","   .."
"1",""
"1","@ "
"1",""
"1","format.spss"
"1",""
"1",":"
"1"," chr "
"1",""
"1","""F1.0"""
"1",""
"1","
"
"1","   .."
"1",""
"1","@ "
"1",""
"1","labels     "
"1",""
"1",":"
"1"," Named num [1:5] "
"1",""
"1","1 2 3 4 9"
"1",""
"1","
"
"1","   .. .."
"1",""
"1","- attr(*, ""names"")="
"1"," chr [1:5] "
"1",""
"1","""Agree a lot"" ""Agree a little"" ""Disagree a little"" ""Disagree a lot"""
"1",""
"1"," ..."
"1",""
"1","
"
"1"," "
"1",""
"1","$ "
"1",""
"1","BSBG14H  "
"1",""
"1",":"
"1"," dbl+lbl [1:323920] 1, 2, 2, 4, 9, 9, 9, 2, 1, 1, 4, 3, 2, 3, 4, 3, 9, 3, 2, 1, 2, 2, 2, 9, 2, 1, 9, 2, 2, 2, 3, 1, 4, 9, 4, 4, 1, 1, ...
"
"1","   .."
"1",""
"1","@ "
"1",""
"1","label      "
"1",""
"1",":"
"1"," chr "
"1",""
"1","""GEN\\AGREE\\PROTECTING NATURE MORE IMPORTANT"""
"1",""
"1","
"
"1","   .."
"1",""
"1","@ "
"1",""
"1","na_values  "
"1",""
"1",":"
"1"," num "
"1",""
"1","9"
"1",""
"1","
"
"1","   .."
"1",""
"1","@ "
"1",""
"1","format.spss"
"1",""
"1",":"
"1"," chr "
"1",""
"1","""F1.0"""
"1",""
"1","
"
"1","   .."
"1",""
"1","@ "
"1",""
"1","labels     "
"1",""
"1",":"
"1"," Named num [1:5] "
"1",""
"1","1 2 3 4 9"
"1",""
"1","
"
"1","   .. .."
"1",""
"1","- attr(*, ""names"")="
"1"," chr [1:5] "
"1",""
"1","""Agree a lot"" ""Agree a little"" ""Disagree a little"" ""Disagree a lot"""
"1",""
"1"," ..."
"1",""
"1","
"
"1"," "
"1",""
"1","$ "
"1",""
"1","BSBG14I  "
"1",""
"1",":"
"1"," dbl+lbl [1:323920] 1, 1, 2, 2, 9, 9, 9, 1, 1, 9, 3, 3, 2, 3, 4, 3, 9, 1, 2, 1, 1, 1, 4, 9, 1, 1, 9, 9, 2, 2, 1, 1, 2, 9, 9, 9, 1, 1, ...
"
"1","   .."
"1",""
"1","@ "
"1",""
"1","label      "
"1",""
"1",":"
"1"," chr "
"1",""
"1","""GEN\\AGREE\\CLIMATE CHANGE PRIORITY"""
"1",""
"1","
"
"1","   .."
"1",""
"1","@ "
"1",""
"1","na_values  "
"1",""
"1",":"
"1"," num "
"1",""
"1","9"
"1",""
"1","
"
"1","   .."
"1",""
"1","@ "
"1",""
"1","format.spss"
"1",""
"1",":"
"1"," chr "
"1",""
"1","""F1.0"""
"1",""
"1","
"
"1","   .."
"1",""
"1","@ "
"1",""
"1","labels     "
"1",""
"1",":"
"1"," Named num [1:5] "
"1",""
"1","1 2 3 4 9"
"1",""
"1","
"
"1","   .. .."
"1",""
"1","- attr(*, ""names"")="
"1"," chr [1:5] "
"1",""
"1","""Agree a lot"" ""Agree a little"" ""Disagree a little"" ""Disagree a lot"""
"1",""
"1"," ..."
"1",""
"1","
"
"1"," "
"1",""
"1","$ "
"1",""
"1","BSBG15A  "
"1",""
"1",":"
"1"," dbl+lbl [1:323920] 1, 3, 2, 3, 9, 9, 9, 4, 3, 1, 3, 3, 1, 3, 4, 3, 3, 1, 1, 2, 2, 1, 1, 9, 3, 1, 9, 2, 2, 1, 2, 1, 1, 2, 9, 9, 1, 1, ...
"
"1","   .."
"1",""
"1","@ "
"1",""
"1","label      "
"1",""
"1",":"
"1"," chr "
"1",""
"1","""GEN\\HOW OFTEN\\REUSE THINGS"""
"1",""
"1","
"
"1","   .."
"1",""
"1","@ "
"1",""
"1","na_values  "
"1",""
"1",":"
"1"," num "
"1",""
"1","9"
"1",""
"1","
"
"1","   .."
"1",""
"1","@ "
"1",""
"1","format.spss"
"1",""
"1",":"
"1"," chr "
"1",""
"1","""F1.0"""
"1",""
"1","
"
"1","   .."
"1",""
"1","@ "
"1",""
"1","labels     "
"1",""
"1",":"
"1"," Named num [1:5] "
"1",""
"1","1 2 3 4 9"
"1",""
"1","
"
"1","   .. .."
"1",""
"1","- attr(*, ""names"")="
"1"," chr [1:5] "
"1",""
"1","""Every day"" ""Almost every day"" ""Sometimes"" ""Never"""
"1",""
"1"," ..."
"1",""
"1","
"
"1"," "
"1",""
"1","$ "
"1",""
"1","BSBG15B  "
"1",""
"1",":"
"1"," dbl+lbl [1:323920] 1, 2, 2, 3, 9, 9, 9, 1, 2, 1, 2, 3, 1, 3, 2, 3, 2, 2, 2, 2, 1, 3, 2, 9, 2, 1, 9, 2, 2, 1, 2, 1, 2, 3, 9, 9, 1, 1, ...
"
"1","   .."
"1",""
"1","@ "
"1",""
"1","label      "
"1",""
"1",":"
"1"," chr "
"1",""
"1","""GEN\\HOW OFTEN\\SAVE RESOURCES"""
"1",""
"1","
"
"1","   .."
"1",""
"1","@ "
"1",""
"1","na_values  "
"1",""
"1",":"
"1"," num "
"1",""
"1","9"
"1",""
"1","
"
"1","   .."
"1",""
"1","@ "
"1",""
"1","format.spss"
"1",""
"1",":"
"1"," chr "
"1",""
"1","""F1.0"""
"1",""
"1","
"
"1","   .."
"1",""
"1","@ "
"1",""
"1","labels     "
"1",""
"1",":"
"1"," Named num [1:5] "
"1",""
"1","1 2 3 4 9"
"1",""
"1","
"
"1","   .. .."
"1",""
"1","- attr(*, ""names"")="
"1"," chr [1:5] "
"1",""
"1","""Every day"" ""Almost every day"" ""Sometimes"" ""Never"""
"1",""
"1"," ..."
"1",""
"1","
"
"1"," "
"1",""
"1","$ "
"1",""
"1","BSBG15C  "
"1",""
"1",":"
"1"," dbl+lbl [1:323920] 1, 3, 2, 2, 9, 9, 9, 2, 1, 1, 4, 2, 1, 3, 3, 3, 9, 2, 2, 1, 2, 2, 3, 9, 4, 1, 9, 2, 2, 1, 2, 1, 3, 9, 9, 9, 1, 1, ...
"
"1","   .."
"1",""
"1","@ "
"1",""
"1","label      "
"1",""
"1",":"
"1"," chr "
"1",""
"1","""GEN\\HOW OFTEN\\TALK ABOUT ENVIRONMENT"""
"1",""
"1","
"
"1","   .."
"1",""
"1","@ "
"1",""
"1","na_values  "
"1",""
"1",":"
"1"," num "
"1",""
"1","9"
"1",""
"1","
"
"1","   .."
"1",""
"1","@ "
"1",""
"1","format.spss"
"1",""
"1",":"
"1"," chr "
"1",""
"1","""F1.0"""
"1",""
"1","
"
"1","   .."
"1",""
"1","@ "
"1",""
"1","labels     "
"1",""
"1",":"
"1"," Named num [1:5] "
"1",""
"1","1 2 3 4 9"
"1",""
"1","
"
"1","   .. .."
"1",""
"1","- attr(*, ""names"")="
"1"," chr [1:5] "
"1",""
"1","""Every day"" ""Almost every day"" ""Sometimes"" ""Never"""
"1",""
"1"," ..."
"1",""
"1","
"
"1"," "
"1",""
"1","$ "
"1",""
"1","BSBG15D  "
"1",""
"1",":"
"1"," dbl+lbl [1:323920] 1, 2, 2, 4, 9, 9, 9, 2, 1, 1, 3, 3, 1, 3, 2, 3, 9, 3, 1, 1, 1, 2, 3, 9, 4, 1, 9, 2, 2, 1, 3, 1, 2, 9, 9, 9, 1, 1, ...
"
"1","   .."
"1",""
"1","@ "
"1",""
"1","label      "
"1",""
"1",":"
"1"," chr "
"1",""
"1","""GEN\\HOW OFTEN\\LEARN ABOUT ENVIRONMENT"""
"1",""
"1","
"
"1","   .."
"1",""
"1","@ "
"1",""
"1","na_values  "
"1",""
"1",":"
"1"," num "
"1",""
"1","9"
"1",""
"1","
"
"1","   .."
"1",""
"1","@ "
"1",""
"1","format.spss"
"1",""
"1",":"
"1"," chr "
"1",""
"1","""F1.0"""
"1",""
"1","
"
"1","   .."
"1",""
"1","@ "
"1",""
"1","labels     "
"1",""
"1",":"
"1"," Named num [1:5] "
"1",""
"1","1 2 3 4 9"
"1",""
"1","
"
"1","   .. .."
"1",""
"1","- attr(*, ""names"")="
"1"," chr [1:5] "
"1",""
"1","""Every day"" ""Almost every day"" ""Sometimes"" ""Never"""
"1",""
"1"," ..."
"1",""
"1","
"
"1"," "
"1",""
"1","$ "
"1",""
"1","BSBG15E  "
"1",""
"1",":"
"1"," dbl+lbl [1:323920] 1, 3, 2, 4, 9, 9, 9, 1, 9, 1, 4, 3, 1, 3, 1, 4, 9, 3, 1, 1, 2, 2, 4, 9, 4, 1, 9, 2, 2, 1, 2, 1, 3, 9, 9, 9, 1, 2, ...
"
"1","   .."
"1",""
"1","@ "
"1",""
"1","label      "
"1",""
"1",":"
"1"," chr "
"1",""
"1","""GEN\\HOW OFTEN\\PARTICIPATE IN ACTIVITIES"""
"1",""
"1","
"
"1","   .."
"1",""
"1","@ "
"1",""
"1","na_values  "
"1",""
"1",":"
"1"," num "
"1",""
"1","9"
"1",""
"1","
"
"1","   .."
"1",""
"1","@ "
"1",""
"1","format.spss"
"1",""
"1",":"
"1"," chr "
"1",""
"1","""F1.0"""
"1",""
"1","
"
"1","   .."
"1",""
"1","@ "
"1",""
"1","labels     "
"1",""
"1",":"
"1"," Named num [1:5] "
"1",""
"1","1 2 3 4 9"
"1",""
"1","
"
"1","   .. .."
"1",""
"1","- attr(*, ""names"")="
"1"," chr [1:5] "
"1",""
"1","""Every day"" ""Almost every day"" ""Sometimes"" ""Never"""
"1",""
"1"," ..."
"1",""
"1","
"
"1"," "
"1",""
"1","$ "
"1",""
"1","BSBG15F  "
"1",""
"1",":"
"1"," dbl+lbl [1:323920] 1, 1, 2, 3, 9, 9, 9, 1, 1, 1, 3, 1, 1, 3, 1, 3, 9, 1, 1, 3, 1, 1, 1, 9, 4, 1, 4, 2, 2, 1, 2, 1, 1, 9, 3, 9, 1, 2, ...
"
"1","   .."
"1",""
"1","@ "
"1",""
"1","label      "
"1",""
"1",":"
"1"," chr "
"1",""
"1","""GEN\\HOW OFTEN\\TELL FRIENDS"""
"1",""
"1","
"
"1","   .."
"1",""
"1","@ "
"1",""
"1","na_values  "
"1",""
"1",":"
"1"," num "
"1",""
"1","9"
"1",""
"1","
"
"1","   .."
"1",""
"1","@ "
"1",""
"1","format.spss"
"1",""
"1",":"
"1"," chr "
"1",""
"1","""F1.0"""
"1",""
"1","
"
"1","   .."
"1",""
"1","@ "
"1",""
"1","labels     "
"1",""
"1",":"
"1"," Named num [1:5] "
"1",""
"1","1 2 3 4 9"
"1",""
"1","
"
"1","   .. .."
"1",""
"1","- attr(*, ""names"")="
"1"," chr [1:5] "
"1",""
"1","""Every day"" ""Almost every day"" ""Sometimes"" ""Never"""
"1",""
"1"," ..."
"1",""
"1","
"
"1"," "
"1",""
"1","$ "
"1",""
"1","BSBG16A  "
"1",""
"1",":"
"1"," dbl+lbl [1:323920] 1, 4, 2, 4, 9, 9, 9, 1, 1, 1, 3, 4, 1, 3, 1, 3, 3, 2, 1, 1, 1, 2, 1, 3, 4, 1, 3, 2, 2, 2, 1, 1, 4, 4, 9, 9, 1, 2, ...
"
"1","   .."
"1",""
"1","@ "
"1",""
"1","label      "
"1",""
"1",":"
"1"," chr "
"1",""
"1","""GEN\\AGREE\\BEING IN SCHOOL"""
"1",""
"1","
"
"1","   .."
"1",""
"1","@ "
"1",""
"1","na_values  "
"1",""
"1",":"
"1"," num "
"1",""
"1","9"
"1",""
"1","
"
"1","   .."
"1",""
"1","@ "
"1",""
"1","format.spss"
"1",""
"1",":"
"1"," chr "
"1",""
"1","""F1.0"""
"1",""
"1","
"
"1","   .."
"1",""
"1","@ "
"1",""
"1","labels     "
"1",""
"1",":"
"1"," Named num [1:5] "
"1",""
"1","1 2 3 4 9"
"1",""
"1","
"
"1","   .. .."
"1",""
"1","- attr(*, ""names"")="
"1"," chr [1:5] "
"1",""
"1","""Agree a lot"" ""Agree a little"" ""Disagree a little"" ""Disagree a lot"""
"1",""
"1"," ..."
"1",""
"1","
"
"1"," "
"1",""
"1","$ "
"1",""
"1","BSBG16B  "
"1",""
"1",":"
"1"," dbl+lbl [1:323920] 4, 2, 2, 2, 9, 9, 9, 1, 2, 1, 3, 2, 1, 3, 1, 3, 2, 3, 1, 1, 1, 2, 4, 2, 1, 1, 9, 2, 2, 2, 1, 1, 1, 4, 9, 9, 1, 2, ...
"
"1","   .."
"1",""
"1","@ "
"1",""
"1","label      "
"1",""
"1",":"
"1"," chr "
"1",""
"1","""GEN\\AGREE\\SAFE AT SCHOOL"""
"1",""
"1","
"
"1","   .."
"1",""
"1","@ "
"1",""
"1","na_values  "
"1",""
"1",":"
"1"," num "
"1",""
"1","9"
"1",""
"1","
"
"1","   .."
"1",""
"1","@ "
"1",""
"1","format.spss"
"1",""
"1",":"
"1"," chr "
"1",""
"1","""F1.0"""
"1",""
"1","
"
"1","   .."
"1",""
"1","@ "
"1",""
"1","labels     "
"1",""
"1",":"
"1"," Named num [1:5] "
"1",""
"1","1 2 3 4 9"
"1",""
"1","
"
"1","   .. .."
"1",""
"1","- attr(*, ""names"")="
"1"," chr [1:5] "
"1",""
"1","""Agree a lot"" ""Agree a little"" ""Disagree a little"" ""Disagree a lot"""
"1",""
"1"," ..."
"1",""
"1","
"
"1"," "
"1",""
"1","$ "
"1",""
"1","BSBG16C  "
"1",""
"1",":"
"1"," dbl+lbl [1:323920] 1, 3, 2, 2, 9, 9, 9, 1, 2, 1, 4, 2, 1, 3, 1, 2, 9, 1, 1, 1, 2, 2, 1, 3, 4, 2, 9, 2, 2, 2, 1, 4, 3, 2, 9, 9, 1, 3, ...
"
"1","   .."
"1",""
"1","@ "
"1",""
"1","label      "
"1",""
"1",":"
"1"," chr "
"1",""
"1","""GEN\\AGREE\\BELONG AT SCHOOL"""
"1",""
"1","
"
"1","   .."
"1",""
"1","@ "
"1",""
"1","na_values  "
"1",""
"1",":"
"1"," num "
"1",""
"1","9"
"1",""
"1","
"
"1","   .."
"1",""
"1","@ "
"1",""
"1","format.spss"
"1",""
"1",":"
"1"," chr "
"1",""
"1","""F1.0"""
"1",""
"1","
"
"1","   .."
"1",""
"1","@ "
"1",""
"1","labels     "
"1",""
"1",":"
"1"," Named num [1:5] "
"1",""
"1","1 2 3 4 9"
"1",""
"1","
"
"1","   .. .."
"1",""
"1","- attr(*, ""names"")="
"1"," chr [1:5] "
"1",""
"1","""Agree a lot"" ""Agree a little"" ""Disagree a little"" ""Disagree a lot"""
"1",""
"1"," ..."
"1",""
"1","
"
"1"," "
"1",""
"1","$ "
"1",""
"1","BSBG16D  "
"1",""
"1",":"
"1"," dbl+lbl [1:323920] 4, 4, 1, 3, 9, 9, 9, 1, 3, 1, 2, 2, 1, 3, 1, 2, 9, 9, 2, 1, 2, 1, 3, 9, 4, 2, 9, 2, 2, 2, 1, 1, 2, 2, 9, 9, 1, 4, ...
"
"1","   .."
"1",""
"1","@ "
"1",""
"1","label      "
"1",""
"1",":"
"1"," chr "
"1",""
"1","""GEN\\AGREE\\TEACHERS CARE"""
"1",""
"1","
"
"1","   .."
"1",""
"1","@ "
"1",""
"1","na_values  "
"1",""
"1",":"
"1"," num "
"1",""
"1","9"
"1",""
"1","
"
"1","   .."
"1",""
"1","@ "
"1",""
"1","format.spss"
"1",""
"1",":"
"1"," chr "
"1",""
"1","""F1.0"""
"1",""
"1","
"
"1","   .."
"1",""
"1","@ "
"1",""
"1","labels     "
"1",""
"1",":"
"1"," Named num [1:5] "
"1",""
"1","1 2 3 4 9"
"1",""
"1","
"
"1","   .. .."
"1",""
"1","- attr(*, ""names"")="
"1"," chr [1:5] "
"1",""
"1","""Agree a lot"" ""Agree a little"" ""Disagree a little"" ""Disagree a lot"""
"1",""
"1"," ..."
"1",""
"1","
"
"1"," "
"1",""
"1","$ "
"1",""
"1","BSBG16E  "
"1",""
"1",":"
"1"," dbl+lbl [1:323920] 1, 2, 2, 2, 9, 9, 9, 1, 1, 1, 2, 2, 1, 3, 1, 2, 9, 2, 2, 1, 3, 1, 9, 9, 4, 1, 9, 2, 2, 2, 1, 3, 3, 3, 9, 9, 1, 2, ...
"
"1","   .."
"1",""
"1","@ "
"1",""
"1","label      "
"1",""
"1",":"
"1"," chr "
"1",""
"1","""GEN\\AGREE\\PROUD TO GO TO THIS SCHOOL"""
"1",""
"1","
"
"1","   .."
"1",""
"1","@ "
"1",""
"1","na_values  "
"1",""
"1",":"
"1"," num "
"1",""
"1","9"
"1",""
"1","
"
"1","   .."
"1",""
"1","@ "
"1",""
"1","format.spss"
"1",""
"1",":"
"1"," chr "
"1",""
"1","""F1.0"""
"1",""
"1","
"
"1","   .."
"1",""
"1","@ "
"1",""
"1","labels     "
"1",""
"1",":"
"1"," Named num [1:5] "
"1",""
"1","1 2 3 4 9"
"1",""
"1","
"
"1","   .. .."
"1",""
"1","- attr(*, ""names"")="
"1"," chr [1:5] "
"1",""
"1","""Agree a lot"" ""Agree a little"" ""Disagree a little"" ""Disagree a lot"""
"1",""
"1"," ..."
"1",""
"1","
"
"1"," "
"1",""
"1","$ "
"1",""
"1","BSBG16F  "
"1",""
"1",":"
"1"," dbl+lbl [1:323920] 1, 2, 1, 2, 9, 9, 9, 1, 1, 1, 2, 2, 1, 3, 1, 1, 1, 2, 2, 1, 1, 1, 2, 9, 3, 1, 9, 2, 2, 2, 1, 1, 2, 1, 9, 3, 1, 3, ...
"
"1","   .."
"1",""
"1","@ "
"1",""
"1","label      "
"1",""
"1",":"
"1"," chr "
"1",""
"1","""GEN\\AGREE\\FRIENDS AT SCHOOL"""
"1",""
"1","
"
"1","   .."
"1",""
"1","@ "
"1",""
"1","na_values  "
"1",""
"1",":"
"1"," num "
"1",""
"1","9"
"1",""
"1","
"
"1","   .."
"1",""
"1","@ "
"1",""
"1","format.spss"
"1",""
"1",":"
"1"," chr "
"1",""
"1","""F1.0"""
"1",""
"1","
"
"1","   .."
"1",""
"1","@ "
"1",""
"1","labels     "
"1",""
"1",":"
"1"," Named num [1:5] "
"1",""
"1","1 2 3 4 9"
"1",""
"1","
"
"1","   .. .."
"1",""
"1","- attr(*, ""names"")="
"1"," chr [1:5] "
"1",""
"1","""Agree a lot"" ""Agree a little"" ""Disagree a little"" ""Disagree a lot"""
"1",""
"1"," ..."
"1",""
"1","
"
"1"," "
"1",""
"1","$ "
"1",""
"1","BSBG16G  "
"1",""
"1",":"
"1"," dbl+lbl [1:323920] 1, 4, 1, 2, 9, 9, 9, 1, 2, 1, 1, 3, 1, 3, 1, 1, 1, 3, 2, 1, 2, 2, 4, 9, 4, 2, 9, 2, 2, 2, 1, 1, 3, 2, 9, 4, 1, 4, ...
"
"1","   .."
"1",""
"1","@ "
"1",""
"1","label      "
"1",""
"1",":"
"1"," chr "
"1",""
"1","""GEN\\AGREE\\STUDENTS RESPECT"""
"1",""
"1","
"
"1","   .."
"1",""
"1","@ "
"1",""
"1","na_values  "
"1",""
"1",":"
"1"," num "
"1",""
"1","9"
"1",""
"1","
"
"1","   .."
"1",""
"1","@ "
"1",""
"1","format.spss"
"1",""
"1",":"
"1"," chr "
"1",""
"1","""F1.0"""
"1",""
"1","
"
"1","   .."
"1",""
"1","@ "
"1",""
"1","labels     "
"1",""
"1",":"
"1"," Named num [1:5] "
"1",""
"1","1 2 3 4 9"
"1",""
"1","
"
"1","   .. .."
"1",""
"1","- attr(*, ""names"")="
"1"," chr [1:5] "
"1",""
"1","""Agree a lot"" ""Agree a little"" ""Disagree a little"" ""Disagree a lot"""
"1",""
"1"," ..."
"1",""
"1","
"
"1"," "
"1",""
"1","$ "
"1",""
"1","BSBG16H  "
"1",""
"1",":"
"1"," dbl+lbl [1:323920] 1, 4, 1, 2, 9, 9, 9, 1, 2, 1, 1, 2, 1, 3, 1, 2, 9, 3, 1, 1, 1, 2, 3, 9, 4, 1, 9, 2, 2, 2, 1, 1, 2, 2, 4, 4, 1, 2, ...
"
"1","   .."
"1",""
"1","@ "
"1",""
"1","label      "
"1",""
"1",":"
"1"," chr "
"1",""
"1","""GEN\\AGREE\\STUDENTS LIKE"""
"1",""
"1","
"
"1","   .."
"1",""
"1","@ "
"1",""
"1","na_values  "
"1",""
"1",":"
"1"," num "
"1",""
"1","9"
"1",""
"1","
"
"1","   .."
"1",""
"1","@ "
"1",""
"1","format.spss"
"1",""
"1",":"
"1"," chr "
"1",""
"1","""F1.0"""
"1",""
"1","
"
"1","   .."
"1",""
"1","@ "
"1",""
"1","labels     "
"1",""
"1",":"
"1"," Named num [1:5] "
"1",""
"1","1 2 3 4 9"
"1",""
"1","
"
"1","   .. .."
"1",""
"1","- attr(*, ""names"")="
"1"," chr [1:5] "
"1",""
"1","""Agree a lot"" ""Agree a little"" ""Disagree a little"" ""Disagree a lot"""
"1",""
"1"," ..."
"1",""
"1","
"
"1"," "
"1",""
"1","$ "
"1",""
"1","BSBG17A  "
"1",""
"1",":"
"1"," dbl+lbl [1:323920] 1, 1, 3, 1, 9, 9, 9, 1, 4, 1, 3, 2, 2, 4, 2, 4, 9, 4, 1, 1, 2, 1, 1, 9, 4, 1, 1, 2, 3, 1, 4, 1, 1, 4, 9, 9, 1, 1, ...
"
"1","   .."
"1",""
"1","@ "
"1",""
"1","label      "
"1",""
"1",":"
"1"," chr "
"1",""
"1","""GEN\\HOW OFTEN\\SAID MEAN THINGS"""
"1",""
"1","
"
"1","   .."
"1",""
"1","@ "
"1",""
"1","na_values  "
"1",""
"1",":"
"1"," num "
"1",""
"1","9"
"1",""
"1","
"
"1","   .."
"1",""
"1","@ "
"1",""
"1","format.spss"
"1",""
"1",":"
"1"," chr "
"1",""
"1","""F1.0"""
"1",""
"1","
"
"1","   .."
"1",""
"1","@ "
"1",""
"1","labels     "
"1",""
"1",":"
"1"," Named num [1:5] "
"1",""
"1","1 2 3 4 9"
"1",""
"1","
"
"1","   .. .."
"1",""
"1","- attr(*, ""names"")="
"1"," chr [1:5] "
"1",""
"1","""At least once a week"" ""Once or twice a month"" ""A few times a year"" ""Never"""
"1",""
"1"," ..."
"1",""
"1","
"
"1"," "
"1",""
"1","$ "
"1",""
"1","BSBG17B  "
"1",""
"1",":"
"1"," dbl+lbl [1:323920] 1, 2, 3, 4, 9, 9, 9, 1, 4, 1, 4, 1, 2, 4, 1, 4, 9, 3, 1, 1, 2, 4, 2, 9, 4, 1, 9, 2, 3, 1, 4, 1, 2, 2, 9, 9, 1, 1, ...
"
"1","   .."
"1",""
"1","@ "
"1",""
"1","label      "
"1",""
"1",":"
"1"," chr "
"1",""
"1","""GEN\\HOW OFTEN\\SPREAD LIES ABOUT ME"""
"1",""
"1","
"
"1","   .."
"1",""
"1","@ "
"1",""
"1","na_values  "
"1",""
"1",":"
"1"," num "
"1",""
"1","9"
"1",""
"1","
"
"1","   .."
"1",""
"1","@ "
"1",""
"1","format.spss"
"1",""
"1",":"
"1"," chr "
"1",""
"1","""F1.0"""
"1",""
"1","
"
"1","   .."
"1",""
"1","@ "
"1",""
"1","labels     "
"1",""
"1",":"
"1"," Named num [1:5] "
"1",""
"1","1 2 3 4 9"
"1",""
"1","
"
"1","   .. .."
"1",""
"1","- attr(*, ""names"")="
"1"," chr [1:5] "
"1",""
"1","""At least once a week"" ""Once or twice a month"" ""A few times a year"" ""Never"""
"1",""
"1"," ..."
"1",""
"1","
"
"1"," "
"1",""
"1","$ "
"1",""
"1","BSBG17C  "
"1",""
"1",":"
"1"," dbl+lbl [1:323920] 1, 3, 3, 3, 9, 9, 9, 1, 4, 1, 3, 1, 1, 4, 2, 4, 9, 4, 1, 3, 1, 1, 3, 9, 4, 1, 9, 2, 3, 1, 4, 1, 2, 3, 9, 9, 1, 1, ...
"
"1","   .."
"1",""
"1","@ "
"1",""
"1","label      "
"1",""
"1",":"
"1"," chr "
"1",""
"1","""GEN\\HOW OFTEN\\SHARED SECRETS OTHERS"""
"1",""
"1","
"
"1","   .."
"1",""
"1","@ "
"1",""
"1","na_values  "
"1",""
"1",":"
"1"," num "
"1",""
"1","9"
"1",""
"1","
"
"1","   .."
"1",""
"1","@ "
"1",""
"1","format.spss"
"1",""
"1",":"
"1"," chr "
"1",""
"1","""F1.0"""
"1",""
"1","
"
"1","   .."
"1",""
"1","@ "
"1",""
"1","labels     "
"1",""
"1",":"
"1"," Named num [1:5] "
"1",""
"1","1 2 3 4 9"
"1",""
"1","
"
"1","   .. .."
"1",""
"1","- attr(*, ""names"")="
"1"," chr [1:5] "
"1",""
"1","""At least once a week"" ""Once or twice a month"" ""A few times a year"" ""Never"""
"1",""
"1"," ..."
"1",""
"1","
"
"1"," "
"1",""
"1","$ "
"1",""
"1","BSBG17D  "
"1",""
"1",":"
"1"," dbl+lbl [1:323920] 1, 1, 3, 3, 9, 9, 9, 1, 4, 1, 4, 3, 1, 4, 1, 4, 9, 9, 1, 3, 2, 1, 4, 9, 4, 1, 9, 2, 3, 1, 4, 1, 3, 2, 9, 9, 1, 1, ...
"
"1","   .."
"1",""
"1","@ "
"1",""
"1","label      "
"1",""
"1",":"
"1"," chr "
"1",""
"1","""GEN\\HOW OFTEN\\REFUSED TO TALK"""
"1",""
"1","
"
"1","   .."
"1",""
"1","@ "
"1",""
"1","na_values  "
"1",""
"1",":"
"1"," num "
"1",""
"1","9"
"1",""
"1","
"
"1","   .."
"1",""
"1","@ "
"1",""
"1","format.spss"
"1",""
"1",":"
"1"," chr "
"1",""
"1","""F1.0"""
"1",""
"1","
"
"1","   .."
"1",""
"1","@ "
"1",""
"1","labels     "
"1",""
"1",":"
"1"," Named num [1:5] "
"1",""
"1","1 2 3 4 9"
"1",""
"1","
"
"1","   .. .."
"1",""
"1","- attr(*, ""names"")="
"1"," chr [1:5] "
"1",""
"1","""At least once a week"" ""Once or twice a month"" ""A few times a year"" ""Never"""
"1",""
"1"," ..."
"1",""
"1","
"
"1"," "
"1",""
"1","$ "
"1",""
"1","BSBG17E  "
"1",""
"1",":"
"1"," dbl+lbl [1:323920] NA, NA, NA, NA, NA, NA, NA, NA, NA, NA, NA, NA, NA, NA, NA, NA, NA, NA, NA, NA, NA, NA, NA, NA, NA, NA, NA, NA, NA...
"
"1","   .."
"1",""
"1","@ "
"1",""
"1","label      "
"1",""
"1",":"
"1"," chr "
"1",""
"1","""GEN\\HOW OFTEN\\SAID HURTFUL THINGS BASED ON BACKGROUND"""
"1",""
"1","
"
"1","   .."
"1",""
"1","@ "
"1",""
"1","na_values  "
"1",""
"1",":"
"1"," num "
"1",""
"1","9"
"1",""
"1","
"
"1","   .."
"1",""
"1","@ "
"1",""
"1","format.spss"
"1",""
"1",":"
"1"," chr "
"1",""
"1","""F1.0"""
"1",""
"1","
"
"1","   .."
"1",""
"1","@ "
"1",""
"1","labels     "
"1",""
"1",":"
"1"," Named num [1:5] "
"1",""
"1","1 2 3 4 9"
"1",""
"1","
"
"1","   .. .."
"1",""
"1","- attr(*, ""names"")="
"1"," chr [1:5] "
"1",""
"1","""At least once a week"" ""Once or twice a month"" ""A few times a year"" ""Never"""
"1",""
"1"," ..."
"1",""
"1","
"
"1"," "
"1",""
"1","$ "
"1",""
"1","BSBG17F  "
"1",""
"1",":"
"1"," dbl+lbl [1:323920] 1, 3, 3, 4, 9, 9, 9, 1, 4, 1, 4, 2, 1, 4, 2, 4, 9, 9, 1, 3, 2, 2, 1, 9, 1, 1, 9, 2, 3, 1, 4, 1, 2, 3, 9, 9, 1, 1, ...
"
"1","   .."
"1",""
"1","@ "
"1",""
"1","label      "
"1",""
"1",":"
"1"," chr "
"1",""
"1","""GEN\\HOW OFTEN\\STOLE THINGS FROM ME"""
"1",""
"1","
"
"1","   .."
"1",""
"1","@ "
"1",""
"1","na_values  "
"1",""
"1",":"
"1"," num "
"1",""
"1","9"
"1",""
"1","
"
"1","   .."
"1",""
"1","@ "
"1",""
"1","format.spss"
"1",""
"1",":"
"1"," chr "
"1",""
"1","""F1.0"""
"1",""
"1","
"
"1","   .."
"1",""
"1","@ "
"1",""
"1","labels     "
"1",""
"1",":"
"1"," Named num [1:5] "
"1",""
"1","1 2 3 4 9"
"1",""
"1","
"
"1","   .. .."
"1",""
"1","- attr(*, ""names"")="
"1"," chr [1:5] "
"1",""
"1","""At least once a week"" ""Once or twice a month"" ""A few times a year"" ""Never"""
"1",""
"1"," ..."
"1",""
"1","
"
"1"," "
"1",""
"1","$ "
"1",""
"1","BSBG17G  "
"1",""
"1",":"
"1"," dbl+lbl [1:323920] 1, 2, 3, 2, 9, 9, 9, 1, 4, 1, 4, 1, 1, 4, 1, 4, 9, 9, 2, 2, 2, 2, 2, 9, 4, 1, 9, 2, 3, 1, 4, 1, 3, 2, 9, 9, 1, 1, ...
"
"1","   .."
"1",""
"1","@ "
"1",""
"1","label      "
"1",""
"1",":"
"1"," chr "
"1",""
"1","""GEN\\HOW OFTEN\\FORCE TO DO THINGS"""
"1",""
"1","
"
"1","   .."
"1",""
"1","@ "
"1",""
"1","na_values  "
"1",""
"1",":"
"1"," num "
"1",""
"1","9"
"1",""
"1","
"
"1","   .."
"1",""
"1","@ "
"1",""
"1","format.spss"
"1",""
"1",":"
"1"," chr "
"1",""
"1","""F1.0"""
"1",""
"1","
"
"1","   .."
"1",""
"1","@ "
"1",""
"1","labels     "
"1",""
"1",":"
"1"," Named num [1:5] "
"1",""
"1","1 2 3 4 9"
"1",""
"1","
"
"1","   .. .."
"1",""
"1","- attr(*, ""names"")="
"1"," chr [1:5] "
"1",""
"1","""At least once a week"" ""Once or twice a month"" ""A few times a year"" ""Never"""
"1",""
"1"," ..."
"1",""
"1","
"
"1"," "
"1",""
"1","$ "
"1",""
"1","BSBG17H  "
"1",""
"1",":"
"1"," dbl+lbl [1:323920] 1, 4, 3, 4, 9, 9, 9, 1, 4, 1, 4, 1, 1, 4, 2, 4, 9, 9, 2, 2, 2, 9, 3, 9, 4, 1, 9, 2, 3, 1, 4, 1, 2, 3, 4, 9, 1, 1, ...
"
"1","   .."
"1",""
"1","@ "
"1",""
"1","label      "
"1",""
"1",":"
"1"," chr "
"1",""
"1","""GEN\\HOW OFTEN\\SENT NASTY MESSAGES"""
"1",""
"1","
"
"1","   .."
"1",""
"1","@ "
"1",""
"1","na_values  "
"1",""
"1",":"
"1"," num "
"1",""
"1","9"
"1",""
"1","
"
"1","   .."
"1",""
"1","@ "
"1",""
"1","format.spss"
"1",""
"1",":"
"1"," chr "
"1",""
"1","""F1.0"""
"1",""
"1","
"
"1","   .."
"1",""
"1","@ "
"1",""
"1","labels     "
"1",""
"1",":"
"1"," Named num [1:5] "
"1",""
"1","1 2 3 4 9"
"1",""
"1","
"
"1","   .. .."
"1",""
"1","- attr(*, ""names"")="
"1"," chr [1:5] "
"1",""
"1","""At least once a week"" ""Once or twice a month"" ""A few times a year"" ""Never"""
"1",""
"1"," ..."
"1",""
"1","
"
"1"," "
"1",""
"1","$ "
"1",""
"1","BSBG17I  "
"1",""
"1",":"
"1"," dbl+lbl [1:323920] 1, 4, 3, 4, 9, 9, 9, 1, 4, 1, 4, 9, 1, 4, 1, 4, 9, 9, 2, 9, 1, 1, 4, 9, 4, 1, 9, 2, 3, 1, 4, 1, 3, 2, 4, 9, 1, 1, ...
"
"1","   .."
"1",""
"1","@ "
"1",""
"1","label      "
"1",""
"1",":"
"1"," chr "
"1",""
"1","""GEN\\HOW OFTEN\\SHARED THINGS ONLINE"""
"1",""
"1","
"
"1","   .."
"1",""
"1","@ "
"1",""
"1","na_values  "
"1",""
"1",":"
"1"," num "
"1",""
"1","9"
"1",""
"1","
"
"1","   .."
"1",""
"1","@ "
"1",""
"1","format.spss"
"1",""
"1",":"
"1"," chr "
"1",""
"1","""F1.0"""
"1",""
"1","
"
"1","   .."
"1",""
"1","@ "
"1",""
"1","labels     "
"1",""
"1",":"
"1"," Named num [1:5] "
"1",""
"1","1 2 3 4 9"
"1",""
"1","
"
"1","   .. .."
"1",""
"1","- attr(*, ""names"")="
"1"," chr [1:5] "
"1",""
"1","""At least once a week"" ""Once or twice a month"" ""A few times a year"" ""Never"""
"1",""
"1"," ..."
"1",""
"1","
"
"1"," "
"1",""
"1","$ "
"1",""
"1","BSBG17J  "
"1",""
"1",":"
"1"," dbl+lbl [1:323920] 1, 4, 3, 4, 9, 9, 9, 1, 4, 1, 4, 4, 1, 4, 2, 4, 9, 9, 2, 9, 9, 9, 1, 9, 4, 1, 9, 2, 3, 1, 4, 1, 2, 3, 9, 9, 1, 1, ...
"
"1","   .."
"1",""
"1","@ "
"1",""
"1","label      "
"1",""
"1",":"
"1"," chr "
"1",""
"1","""GEN\\HOW OFTEN\\SHARED PHOTOS ONLINE"""
"1",""
"1","
"
"1","   .."
"1",""
"1","@ "
"1",""
"1","na_values  "
"1",""
"1",":"
"1"," num "
"1",""
"1","9"
"1",""
"1","
"
"1","   .."
"1",""
"1","@ "
"1",""
"1","format.spss"
"1",""
"1",":"
"1"," chr "
"1",""
"1","""F1.0"""
"1",""
"1","
"
"1","   .."
"1",""
"1","@ "
"1",""
"1","labels     "
"1",""
"1",":"
"1"," Named num [1:5] "
"1",""
"1","1 2 3 4 9"
"1",""
"1","
"
"1","   .. .."
"1",""
"1","- attr(*, ""names"")="
"1"," chr [1:5] "
"1",""
"1","""At least once a week"" ""Once or twice a month"" ""A few times a year"" ""Never"""
"1",""
"1"," ..."
"1",""
"1","
"
"1"," "
"1",""
"1","$ "
"1",""
"1","BSBG17K  "
"1",""
"1",":"
"1"," dbl+lbl [1:323920] 1, 4, 3, 3, 9, 9, 9, 1, 4, 1, 3, 4, 1, 4, 2, 4, 9, 9, 1, 9, 3, 9, 2, 9, 4, 1, 9, 2, 3, 1, 4, 1, 3, 2, 9, 9, 1, 1, ...
"
"1","   .."
"1",""
"1","@ "
"1",""
"1","label      "
"1",""
"1",":"
"1"," chr "
"1",""
"1","""GEN\\HOW OFTEN\\THREATENED"""
"1",""
"1","
"
"1","   .."
"1",""
"1","@ "
"1",""
"1","na_values  "
"1",""
"1",":"
"1"," num "
"1",""
"1","9"
"1",""
"1","
"
"1","   .."
"1",""
"1","@ "
"1",""
"1","format.spss"
"1",""
"1",":"
"1"," chr "
"1",""
"1","""F1.0"""
"1",""
"1","
"
"1","   .."
"1",""
"1","@ "
"1",""
"1","labels     "
"1",""
"1",":"
"1"," Named num [1:5] "
"1",""
"1","1 2 3 4 9"
"1",""
"1","
"
"1","   .. .."
"1",""
"1","- attr(*, ""names"")="
"1"," chr [1:5] "
"1",""
"1","""At least once a week"" ""Once or twice a month"" ""A few times a year"" ""Never"""
"1",""
"1"," ..."
"1",""
"1","
"
"1"," "
"1",""
"1","$ "
"1",""
"1","BSBG17L  "
"1",""
"1",":"
"1"," dbl+lbl [1:323920] 1, 2, 3, 4, 9, 9, 9, 1, 4, 1, 4, 3, 1, 4, 1, 4, 9, 9, 1, 4, 2, 9, 3, 9, 4, 1, 9, 2, 3, 1, 4, 1, 2, 3, 9, 9, 1, 1, ...
"
"1","   .."
"1",""
"1","@ "
"1",""
"1","label      "
"1",""
"1",":"
"1"," chr "
"1",""
"1","""GEN\\HOW OFTEN\\HURT ME"""
"1",""
"1","
"
"1","   .."
"1",""
"1","@ "
"1",""
"1","na_values  "
"1",""
"1",":"
"1"," num "
"1",""
"1","9"
"1",""
"1","
"
"1","   .."
"1",""
"1","@ "
"1",""
"1","format.spss"
"1",""
"1",":"
"1"," chr "
"1",""
"1","""F1.0"""
"1",""
"1","
"
"1","   .."
"1",""
"1","@ "
"1",""
"1","labels     "
"1",""
"1",":"
"1"," Named num [1:5] "
"1",""
"1","1 2 3 4 9"
"1",""
"1","
"
"1","   .. .."
"1",""
"1","- attr(*, ""names"")="
"1"," chr [1:5] "
"1",""
"1","""At least once a week"" ""Once or twice a month"" ""A few times a year"" ""Never"""
"1",""
"1"," ..."
"1",""
"1","
"
"1"," "
"1",""
"1","$ "
"1",""
"1","BSBG17M  "
"1",""
"1",":"
"1"," dbl+lbl [1:323920] 1, 3, 3, 4, 9, 9, 9, 1, 4, 1, 4, 2, 1, 4, 4, 4, 9, 9, 1, 4, 1, 9, 2, 9, 4, 1, 9, 2, 3, 1, 4, 1, 3, 2, 9, 9, 1, 1, ...
"
"1","   .."
"1",""
"1","@ "
"1",""
"1","label      "
"1",""
"1",":"
"1"," chr "
"1",""
"1","""GEN\\HOW OFTEN\\EXCLUDED ME"""
"1",""
"1","
"
"1","   .."
"1",""
"1","@ "
"1",""
"1","na_values  "
"1",""
"1",":"
"1"," num "
"1",""
"1","9"
"1",""
"1","
"
"1","   .."
"1",""
"1","@ "
"1",""
"1","format.spss"
"1",""
"1",":"
"1"," chr "
"1",""
"1","""F1.0"""
"1",""
"1","
"
"1","   .."
"1",""
"1","@ "
"1",""
"1","labels     "
"1",""
"1",":"
"1"," Named num [1:5] "
"1",""
"1","1 2 3 4 9"
"1",""
"1","
"
"1","   .. .."
"1",""
"1","- attr(*, ""names"")="
"1"," chr [1:5] "
"1",""
"1","""At least once a week"" ""Once or twice a month"" ""A few times a year"" ""Never"""
"1",""
"1"," ..."
"1",""
"1","
"
"1"," "
"1",""
"1","$ "
"1",""
"1","BSBG17N  "
"1",""
"1",":"
"1"," dbl+lbl [1:323920] 1, 2, 3, 3, 9, 9, 9, 1, 4, 1, 4, 2, 1, 4, 1, 4, 9, 9, 1, 9, 2, 9, 1, 9, 4, 1, 9, 2, 3, 1, 4, 1, 2, 3, 9, 9, 1, 1, ...
"
"1","   .."
"1",""
"1","@ "
"1",""
"1","label      "
"1",""
"1",":"
"1"," chr "
"1",""
"1","""GEN\\HOW OFTEN\\DAMAGED SOMETHING"""
"1",""
"1","
"
"1","   .."
"1",""
"1","@ "
"1",""
"1","na_values  "
"1",""
"1",":"
"1"," num "
"1",""
"1","9"
"1",""
"1","
"
"1","   .."
"1",""
"1","@ "
"1",""
"1","format.spss"
"1",""
"1",":"
"1"," chr "
"1",""
"1","""F1.0"""
"1",""
"1","
"
"1","   .."
"1",""
"1","@ "
"1",""
"1","labels     "
"1",""
"1",":"
"1"," Named num [1:5] "
"1",""
"1","1 2 3 4 9"
"1",""
"1","
"
"1","   .. .."
"1",""
"1","- attr(*, ""names"")="
"1"," chr [1:5] "
"1",""
"1","""At least once a week"" ""Once or twice a month"" ""A few times a year"" ""Never"""
"1",""
"1"," ..."
"1",""
"1","
"
"1"," "
"1",""
"1","$ "
"1",""
"1","BSBM18   "
"1",""
"1",":"
"1"," dbl+lbl [1:323920] 1, 2, 2, 2, 9, 9, 9, 1, 1, 1, 3, 1, 2, 1, 1, 2, 2, 9, 1, 9, 4, 2, 1, 2, 1, 1, 1, 1, 1, 3, 1, 2, 1, 1, 3, 2, 1, 3, ...
"
"1","   .."
"1",""
"1","@ "
"1",""
"1","label      "
"1",""
"1",":"
"1"," chr "
"1",""
"1","""MAT\\WORK ON YOUR OWN"""
"1",""
"1","
"
"1","   .."
"1",""
"1","@ "
"1",""
"1","na_values  "
"1",""
"1",":"
"1"," num "
"1",""
"1","9"
"1",""
"1","
"
"1","   .."
"1",""
"1","@ "
"1",""
"1","format.spss"
"1",""
"1",":"
"1"," chr "
"1",""
"1","""F1.0"""
"1",""
"1","
"
"1","   .."
"1",""
"1","@ "
"1",""
"1","labels     "
"1",""
"1",":"
"1"," Named num [1:5] "
"1",""
"1","1 2 3 4 9"
"1",""
"1","
"
"1","   .. .."
"1",""
"1","- attr(*, ""names"")="
"1"," chr [1:5] "
"1",""
"1","""Every or almost every lesson"" ""About half the lessons"" ""Some lessons"" ""Never"""
"1",""
"1"," ..."
"1",""
"1","
"
"1"," "
"1",""
"1","$ "
"1",""
"1","BSBM19A  "
"1",""
"1",":"
"1"," dbl+lbl [1:323920] 2, 3, 2, 3, 9, 9, 9, 2, 2, 1, 4, 2, 9, 2, 4, 3, 3, 9, 1, 9, 1, 2, 1, 9, 3, 1, 9, 1, 2, 2, 1, 1, 2, 1, 9, 9, 1, 1, ...
"
"1","   .."
"1",""
"1","@ "
"1",""
"1","label      "
"1",""
"1",":"
"1"," chr "
"1",""
"1","""MAT\\AGREE\\ENJOY LEARNING MATHEMATICS"""
"1",""
"1","
"
"1","   .."
"1",""
"1","@ "
"1",""
"1","na_values  "
"1",""
"1",":"
"1"," num "
"1",""
"1","9"
"1",""
"1","
"
"1","   .."
"1",""
"1","@ "
"1",""
"1","format.spss"
"1",""
"1",":"
"1"," chr "
"1",""
"1","""F1.0"""
"1",""
"1","
"
"1","   .."
"1",""
"1","@ "
"1",""
"1","labels     "
"1",""
"1",":"
"1"," Named num [1:5] "
"1",""
"1","1 2 3 4 9"
"1",""
"1","
"
"1","   .. .."
"1",""
"1","- attr(*, ""names"")="
"1"," chr [1:5] "
"1",""
"1","""Agree a lot"" ""Agree a little"" ""Disagree a little"" ""Disagree a lot"""
"1",""
"1"," ..."
"1",""
"1","
"
"1"," "
"1",""
"1","$ "
"1",""
"1","BSBM19B  "
"1",""
"1",":"
"1"," dbl+lbl [1:323920] 3, 1, 2, 3, 9, 9, 9, 2, 2, 1, 1, 3, 1, 2, 4, 1, 1, 9, 1, 9, 1, 3, 2, 9, 1, 1, 9, 2, 2, 2, 4, 1, 3, 1, 9, 2, 1, 1, ...
"
"1","   .."
"1",""
"1","@ "
"1",""
"1","label      "
"1",""
"1",":"
"1"," chr "
"1",""
"1","""MAT\\AGREE\\WISH HAVE NOT TO STUDY MATH"""
"1",""
"1","
"
"1","   .."
"1",""
"1","@ "
"1",""
"1","na_values  "
"1",""
"1",":"
"1"," num "
"1",""
"1","9"
"1",""
"1","
"
"1","   .."
"1",""
"1","@ "
"1",""
"1","format.spss"
"1",""
"1",":"
"1"," chr "
"1",""
"1","""F1.0"""
"1",""
"1","
"
"1","   .."
"1",""
"1","@ "
"1",""
"1","labels     "
"1",""
"1",":"
"1"," Named num [1:5] "
"1",""
"1","1 2 3 4 9"
"1",""
"1","
"
"1","   .. .."
"1",""
"1","- attr(*, ""names"")="
"1"," chr [1:5] "
"1",""
"1","""Agree a lot"" ""Agree a little"" ""Disagree a little"" ""Disagree a lot"""
"1",""
"1"," ..."
"1",""
"1","
"
"1"," "
"1",""
"1","$ "
"1",""
"1","BSBM19C  "
"1",""
"1",":"
"1"," dbl+lbl [1:323920] 1, 1, 3, 3, 9, 9, 9, 2, 2, 1, 1, 2, 1, 2, 4, 1, 1, 9, 2, 9, 2, 9, 3, 9, 2, 1, 9, 2, 2, 2, 3, 1, 2, 1, 9, 9, 1, 1, ...
"
"1","   .."
"1",""
"1","@ "
"1",""
"1","label      "
"1",""
"1",":"
"1"," chr "
"1",""
"1","""MAT\\AGREE\\MATH IS BORING"""
"1",""
"1","
"
"1","   .."
"1",""
"1","@ "
"1",""
"1","na_values  "
"1",""
"1",":"
"1"," num "
"1",""
"1","9"
"1",""
"1","
"
"1","   .."
"1",""
"1","@ "
"1",""
"1","format.spss"
"1",""
"1",":"
"1"," chr "
"1",""
"1","""F1.0"""
"1",""
"1","
"
"1","   .."
"1",""
"1","@ "
"1",""
"1","labels     "
"1",""
"1",":"
"1"," Named num [1:5] "
"1",""
"1","1 2 3 4 9"
"1",""
"1","
"
"1","   .. .."
"1",""
"1","- attr(*, ""names"")="
"1"," chr [1:5] "
"1",""
"1","""Agree a lot"" ""Agree a little"" ""Disagree a little"" ""Disagree a lot"""
"1",""
"1"," ..."
"1",""
"1","
"
"1"," "
"1",""
"1","$ "
"1",""
"1","BSBM19D  "
"1",""
"1",":"
"1"," dbl+lbl [1:323920] 1, 2, 2, 2, 9, 9, 9, 1, 2, 1, 3, 9, 1, 2, 4, 2, 9, 9, 2, 9, 1, 1, 3, 9, 4, 1, 9, 1, 2, 2, 1, 1, 3, 1, 9, 9, 1, 1, ...
"
"1","   .."
"1",""
"1","@ "
"1",""
"1","label      "
"1",""
"1",":"
"1"," chr "
"1",""
"1","""MAT\\AGREE\\LEARN INTERESTING THINGS"""
"1",""
"1","
"
"1","   .."
"1",""
"1","@ "
"1",""
"1","na_values  "
"1",""
"1",":"
"1"," num "
"1",""
"1","9"
"1",""
"1","
"
"1","   .."
"1",""
"1","@ "
"1",""
"1","format.spss"
"1",""
"1",":"
"1"," chr "
"1",""
"1","""F1.0"""
"1",""
"1","
"
"1","   .."
"1",""
"1","@ "
"1",""
"1","labels     "
"1",""
"1",":"
"1"," Named num [1:5] "
"1",""
"1","1 2 3 4 9"
"1",""
"1","
"
"1","   .. .."
"1",""
"1","- attr(*, ""names"")="
"1"," chr [1:5] "
"1",""
"1","""Agree a lot"" ""Agree a little"" ""Disagree a little"" ""Disagree a lot"""
"1",""
"1"," ..."
"1",""
"1","
"
"1"," "
"1",""
"1","$ "
"1",""
"1","BSBM19E  "
"1",""
"1",":"
"1"," dbl+lbl [1:323920] 2, 4, 2, 3, 9, 9, 9, 1, 2, 1, 4, 2, 1, 2, 4, 4, 9, 9, 2, 9, 2, 9, 3, 9, 3, 1, 9, 1, 2, 2, 1, 1, 2, 1, 9, 9, 1, 1, ...
"
"1","   .."
"1",""
"1","@ "
"1",""
"1","label      "
"1",""
"1",":"
"1"," chr "
"1",""
"1","""MAT\\AGREE\\LIKE MATHEMATICS"""
"1",""
"1","
"
"1","   .."
"1",""
"1","@ "
"1",""
"1","na_values  "
"1",""
"1",":"
"1"," num "
"1",""
"1","9"
"1",""
"1","
"
"1","   .."
"1",""
"1","@ "
"1",""
"1","format.spss"
"1",""
"1",":"
"1"," chr "
"1",""
"1","""F1.0"""
"1",""
"1","
"
"1","   .."
"1",""
"1","@ "
"1",""
"1","labels     "
"1",""
"1",":"
"1"," Named num [1:5] "
"1",""
"1","1 2 3 4 9"
"1",""
"1","
"
"1","   .. .."
"1",""
"1","- attr(*, ""names"")="
"1"," chr [1:5] "
"1",""
"1","""Agree a lot"" ""Agree a little"" ""Disagree a little"" ""Disagree a lot"""
"1",""
"1"," ..."
"1",""
"1","
"
"1"," "
"1",""
"1","$ "
"1",""
"1","BSBM19F  "
"1",""
"1",":"
"1"," dbl+lbl [1:323920] 1, 3, 2, 3, 9, 9, 9, 4, 2, 1, 4, 3, 1, 2, 4, 4, 9, 9, 1, 9, 1, 9, 4, 9, 2, 1, 9, 2, 2, 2, 2, 1, 3, 1, 9, 3, 1, 1, ...
"
"1","   .."
"1",""
"1","@ "
"1",""
"1","label      "
"1",""
"1",":"
"1"," chr "
"1",""
"1","""MAT\\AGREE\\LIKE NUMBERS"""
"1",""
"1","
"
"1","   .."
"1",""
"1","@ "
"1",""
"1","na_values  "
"1",""
"1",":"
"1"," num "
"1",""
"1","9"
"1",""
"1","
"
"1","   .."
"1",""
"1","@ "
"1",""
"1","format.spss"
"1",""
"1",":"
"1"," chr "
"1",""
"1","""F1.0"""
"1",""
"1","
"
"1","   .."
"1",""
"1","@ "
"1",""
"1","labels     "
"1",""
"1",":"
"1"," Named num [1:5] "
"1",""
"1","1 2 3 4 9"
"1",""
"1","
"
"1","   .. .."
"1",""
"1","- attr(*, ""names"")="
"1"," chr [1:5] "
"1",""
"1","""Agree a lot"" ""Agree a little"" ""Disagree a little"" ""Disagree a lot"""
"1",""
"1"," ..."
"1",""
"1","
"
"1"," "
"1",""
"1","$ "
"1",""
"1","BSBM19G  "
"1",""
"1",":"
"1"," dbl+lbl [1:323920] 1, 4, 2, 2, 9, 9, 9, 9, 2, 1, 4, 2, 1, 2, 4, 4, 9, 9, 1, 9, 2, 9, 1, 9, 4, 1, 9, 2, 2, 2, 2, 1, 2, 1, 9, 9, 1, 1, ...
"
"1","   .."
"1",""
"1","@ "
"1",""
"1","label      "
"1",""
"1",":"
"1"," chr "
"1",""
"1","""MAT\\AGREE\\LIKE MATH PROBLEMS"""
"1",""
"1","
"
"1","   .."
"1",""
"1","@ "
"1",""
"1","na_values  "
"1",""
"1",":"
"1"," num "
"1",""
"1","9"
"1",""
"1","
"
"1","   .."
"1",""
"1","@ "
"1",""
"1","format.spss"
"1",""
"1",":"
"1"," chr "
"1",""
"1","""F1.0"""
"1",""
"1","
"
"1","   .."
"1",""
"1","@ "
"1",""
"1","labels     "
"1",""
"1",":"
"1"," Named num [1:5] "
"1",""
"1","1 2 3 4 9"
"1",""
"1","
"
"1","   .. .."
"1",""
"1","- attr(*, ""names"")="
"1"," chr [1:5] "
"1",""
"1","""Agree a lot"" ""Agree a little"" ""Disagree a little"" ""Disagree a lot"""
"1",""
"1"," ..."
"1",""
"1","
"
"1"," "
"1",""
"1","$ "
"1",""
"1","BSBM19H  "
"1",""
"1",":"
"1"," dbl+lbl [1:323920] 1, 4, 2, 3, 9, 9, 9, 3, 9, 1, 4, 3, 1, 2, 4, 4, 9, 9, 1, 9, 2, 9, 1, 9, 4, 1, 9, 2, 2, 2, 1, 1, 3, 1, 9, 3, 1, 1, ...
"
"1","   .."
"1",""
"1","@ "
"1",""
"1","label      "
"1",""
"1",":"
"1"," chr "
"1",""
"1","""MAT\\AGREE\\LOOK FORWARD TO MATH CLASS"""
"1",""
"1","
"
"1","   .."
"1",""
"1","@ "
"1",""
"1","na_values  "
"1",""
"1",":"
"1"," num "
"1",""
"1","9"
"1",""
"1","
"
"1","   .."
"1",""
"1","@ "
"1",""
"1","format.spss"
"1",""
"1",":"
"1"," chr "
"1",""
"1","""F1.0"""
"1",""
"1","
"
"1","   .."
"1",""
"1","@ "
"1",""
"1","labels     "
"1",""
"1",":"
"1"," Named num [1:5] "
"1",""
"1","1 2 3 4 9"
"1",""
"1","
"
"1","   .. .."
"1",""
"1","- attr(*, ""names"")="
"1"," chr [1:5] "
"1",""
"1","""Agree a lot"" ""Agree a little"" ""Disagree a little"" ""Disagree a lot"""
"1",""
"1"," ..."
"1",""
"1","
"
"1"," "
"1",""
"1","$ "
"1",""
"1","BSBM19I  "
"1",""
"1",":"
"1"," dbl+lbl [1:323920] 1, 4, 2, 3, 9, 9, 9, 2, 2, 1, 4, 2, 1, 2, 4, 4, 9, 9, 1, 9, 1, 1, 2, 9, 4, 1, 4, 2, 2, 2, 1, 1, 2, 1, 4, 3, 1, 1, ...
"
"1","   .."
"1",""
"1","@ "
"1",""
"1","label      "
"1",""
"1",":"
"1"," chr "
"1",""
"1","""MAT\\AGREE\\FAVORITE SUBJECT"""
"1",""
"1","
"
"1","   .."
"1",""
"1","@ "
"1",""
"1","na_values  "
"1",""
"1",":"
"1"," num "
"1",""
"1","9"
"1",""
"1","
"
"1","   .."
"1",""
"1","@ "
"1",""
"1","format.spss"
"1",""
"1",":"
"1"," chr "
"1",""
"1","""F1.0"""
"1",""
"1","
"
"1","   .."
"1",""
"1","@ "
"1",""
"1","labels     "
"1",""
"1",":"
"1"," Named num [1:5] "
"1",""
"1","1 2 3 4 9"
"1",""
"1","
"
"1","   .. .."
"1",""
"1","- attr(*, ""names"")="
"1"," chr [1:5] "
"1",""
"1","""Agree a lot"" ""Agree a little"" ""Disagree a little"" ""Disagree a lot"""
"1",""
"1"," ..."
"1",""
"1","
"
"1"," "
"1",""
"1","$ "
"1",""
"1","BSBM20A  "
"1",""
"1",":"
"1"," dbl+lbl [1:323920] 1, 2, 2, 4, 9, 9, 9, 1, 3, 1, 3, 2, 1, 2, 4, 2, 9, 9, 1, 9, 2, 1, 1, 9, 1, 1, 4, 2, 2, 2, 1, 1, 2, 2, 9, 9, 1, 1, ...
"
"1","   .."
"1",""
"1","@ "
"1",""
"1","label      "
"1",""
"1",":"
"1"," chr "
"1",""
"1","""MAT\\AGREE\\TEACHER MAKES IT CLEAR"""
"1",""
"1","
"
"1","   .."
"1",""
"1","@ "
"1",""
"1","na_values  "
"1",""
"1",":"
"1"," num "
"1",""
"1","9"
"1",""
"1","
"
"1","   .."
"1",""
"1","@ "
"1",""
"1","format.spss"
"1",""
"1",":"
"1"," chr "
"1",""
"1","""F1.0"""
"1",""
"1","
"
"1","   .."
"1",""
"1","@ "
"1",""
"1","labels     "
"1",""
"1",":"
"1"," Named num [1:5] "
"1",""
"1","1 2 3 4 9"
"1",""
"1","
"
"1","   .. .."
"1",""
"1","- attr(*, ""names"")="
"1"," chr [1:5] "
"1",""
"1","""Agree a lot"" ""Agree a little"" ""Disagree a little"" ""Disagree a lot"""
"1",""
"1"," ..."
"1",""
"1","
"
"1"," "
"1",""
"1","$ "
"1",""
"1","BSBM20B  "
"1",""
"1",":"
"1"," dbl+lbl [1:323920] 1, 3, 2, 4, 9, 9, 9, 3, 3, 1, 3, 3, 1, 2, 4, 2, 9, 9, 1, 9, 2, 2, 2, 9, 4, 1, 9, 1, 2, 2, 1, 1, 3, 2, 9, 9, 1, 1, ...
"
"1","   .."
"1",""
"1","@ "
"1",""
"1","label      "
"1",""
"1",":"
"1"," chr "
"1",""
"1","""MAT\\AGREE\\TEACHER IS EASY TO UNDERSTAND"""
"1",""
"1","
"
"1","   .."
"1",""
"1","@ "
"1",""
"1","na_values  "
"1",""
"1",":"
"1"," num "
"1",""
"1","9"
"1",""
"1","
"
"1","   .."
"1",""
"1","@ "
"1",""
"1","format.spss"
"1",""
"1",":"
"1"," chr "
"1",""
"1","""F1.0"""
"1",""
"1","
"
"1","   .."
"1",""
"1","@ "
"1",""
"1","labels     "
"1",""
"1",":"
"1"," Named num [1:5] "
"1",""
"1","1 2 3 4 9"
"1",""
"1","
"
"1","   .. .."
"1",""
"1","- attr(*, ""names"")="
"1"," chr [1:5] "
"1",""
"1","""Agree a lot"" ""Agree a little"" ""Disagree a little"" ""Disagree a lot"""
"1",""
"1"," ..."
"1",""
"1","
"
"1"," "
"1",""
"1","$ "
"1",""
"1","BSBM20C  "
"1",""
"1",":"
"1"," dbl+lbl [1:323920] 1, 3, 2, 4, 9, 9, 9, 1, 2, 1, 3, 3, 1, 2, 4, 3, 9, 9, 1, 9, 1, 1, 3, 9, 1, 1, 9, 1, 2, 2, 1, 1, 2, 2, 9, 3, 1, 1, ...
"
"1","   .."
"1",""
"1","@ "
"1",""
"1","label      "
"1",""
"1",":"
"1"," chr "
"1",""
"1","""MAT\\AGREE\\TEACHER CLEAR ANSWERS"""
"1",""
"1","
"
"1","   .."
"1",""
"1","@ "
"1",""
"1","na_values  "
"1",""
"1",":"
"1"," num "
"1",""
"1","9"
"1",""
"1","
"
"1","   .."
"1",""
"1","@ "
"1",""
"1","format.spss"
"1",""
"1",":"
"1"," chr "
"1",""
"1","""F1.0"""
"1",""
"1","
"
"1","   .."
"1",""
"1","@ "
"1",""
"1","labels     "
"1",""
"1",":"
"1"," Named num [1:5] "
"1",""
"1","1 2 3 4 9"
"1",""
"1","
"
"1","   .. .."
"1",""
"1","- attr(*, ""names"")="
"1"," chr [1:5] "
"1",""
"1","""Agree a lot"" ""Agree a little"" ""Disagree a little"" ""Disagree a lot"""
"1",""
"1"," ..."
"1",""
"1","
"
"1"," "
"1",""
"1","$ "
"1",""
"1","BSBM20D  "
"1",""
"1",":"
"1"," dbl+lbl [1:323920] 1, 3, 2, 4, 9, 9, 9, 2, 3, 1, 3, 3, 1, 2, 4, 2, 9, 9, 1, 9, 2, 1, 4, 9, 2, 1, 9, 1, 2, 2, 1, 1, 3, 2, 9, 3, 1, 1, ...
"
"1","   .."
"1",""
"1","@ "
"1",""
"1","label      "
"1",""
"1",":"
"1"," chr "
"1",""
"1","""MAT\\AGREE\\TEACHER GOOD AT EXPLAINING"""
"1",""
"1","
"
"1","   .."
"1",""
"1","@ "
"1",""
"1","na_values  "
"1",""
"1",":"
"1"," num "
"1",""
"1","9"
"1",""
"1","
"
"1","   .."
"1",""
"1","@ "
"1",""
"1","format.spss"
"1",""
"1",":"
"1"," chr "
"1",""
"1","""F1.0"""
"1",""
"1","
"
"1","   .."
"1",""
"1","@ "
"1",""
"1","labels     "
"1",""
"1",":"
"1"," Named num [1:5] "
"1",""
"1","1 2 3 4 9"
"1",""
"1","
"
"1","   .. .."
"1",""
"1","- attr(*, ""names"")="
"1"," chr [1:5] "
"1",""
"1","""Agree a lot"" ""Agree a little"" ""Disagree a little"" ""Disagree a lot"""
"1",""
"1"," ..."
"1",""
"1","
"
"1"," "
"1",""
"1","$ "
"1",""
"1","BSBM20E  "
"1",""
"1",":"
"1"," dbl+lbl [1:323920] 1, 3, 2, 4, 9, 9, 9, 4, 3, 1, 3, 3, 1, 2, 4, 2, 9, 9, 1, 9, 3, 1, 4, 9, 2, 1, 9, 1, 2, 2, 1, 1, 2, 2, 9, 3, 1, 1, ...
"
"1","   .."
"1",""
"1","@ "
"1",""
"1","label      "
"1",""
"1",":"
"1"," chr "
"1",""
"1","""MAT\\AGREE\\DIFFERENT THINGS TO HELP"""
"1",""
"1","
"
"1","   .."
"1",""
"1","@ "
"1",""
"1","na_values  "
"1",""
"1",":"
"1"," num "
"1",""
"1","9"
"1",""
"1","
"
"1","   .."
"1",""
"1","@ "
"1",""
"1","format.spss"
"1",""
"1",":"
"1"," chr "
"1",""
"1","""F1.0"""
"1",""
"1","
"
"1","   .."
"1",""
"1","@ "
"1",""
"1","labels     "
"1",""
"1",":"
"1"," Named num [1:5] "
"1",""
"1","1 2 3 4 9"
"1",""
"1","
"
"1","   .. .."
"1",""
"1","- attr(*, ""names"")="
"1"," chr [1:5] "
"1",""
"1","""Agree a lot"" ""Agree a little"" ""Disagree a little"" ""Disagree a lot"""
"1",""
"1"," ..."
"1",""
"1","
"
"1"," "
"1",""
"1","$ "
"1",""
"1","BSBM20F  "
"1",""
"1",":"
"1"," dbl+lbl [1:323920] 1, 4, 2, 4, 9, 9, 9, 2, 9, 1, 3, 2, 1, 2, 4, 2, 9, 9, 9, 9, 2, 1, 3, 9, 2, 1, 9, 1, 2, 2, 1, 1, 3, 2, 9, 2, 1, 1, ...
"
"1","   .."
"1",""
"1","@ "
"1",""
"1","label      "
"1",""
"1",":"
"1"," chr "
"1",""
"1","""MAT\\AGREE\\TEACHER EXPLAINS AGAIN"""
"1",""
"1","
"
"1","   .."
"1",""
"1","@ "
"1",""
"1","na_values  "
"1",""
"1",":"
"1"," num "
"1",""
"1","9"
"1",""
"1","
"
"1","   .."
"1",""
"1","@ "
"1",""
"1","format.spss"
"1",""
"1",":"
"1"," chr "
"1",""
"1","""F1.0"""
"1",""
"1","
"
"1","   .."
"1",""
"1","@ "
"1",""
"1","labels     "
"1",""
"1",":"
"1"," Named num [1:5] "
"1",""
"1","1 2 3 4 9"
"1",""
"1","
"
"1","   .. .."
"1",""
"1","- attr(*, ""names"")="
"1"," chr [1:5] "
"1",""
"1","""Agree a lot"" ""Agree a little"" ""Disagree a little"" ""Disagree a lot"""
"1",""
"1"," ..."
"1",""
"1","
"
"1"," "
"1",""
"1","$ "
"1",""
"1","BSBM20G  "
"1",""
"1",":"
"1"," dbl+lbl [1:323920] 1, 4, 2, 4, 9, 9, 9, 3, 3, 1, 3, 2, 1, 2, 4, 2, 9, 9, 9, 9, 3, 1, 2, 9, 2, 1, 9, 1, 2, 2, 1, 1, 2, 2, 9, 4, 1, 1, ...
"
"1","   .."
"1",""
"1","@ "
"1",""
"1","label      "
"1",""
"1",":"
"1"," chr "
"1",""
"1","""MAT\\AGREE\\TEACHER GIVES FEEDBACK"""
"1",""
"1","
"
"1","   .."
"1",""
"1","@ "
"1",""
"1","na_values  "
"1",""
"1",":"
"1"," num "
"1",""
"1","9"
"1",""
"1","
"
"1","   .."
"1",""
"1","@ "
"1",""
"1","format.spss"
"1",""
"1",":"
"1"," chr "
"1",""
"1","""F1.0"""
"1",""
"1","
"
"1","   .."
"1",""
"1","@ "
"1",""
"1","labels     "
"1",""
"1",":"
"1"," Named num [1:5] "
"1",""
"1","1 2 3 4 9"
"1",""
"1","
"
"1","   .. .."
"1",""
"1","- attr(*, ""names"")="
"1"," chr [1:5] "
"1",""
"1","""Agree a lot"" ""Agree a little"" ""Disagree a little"" ""Disagree a lot"""
"1",""
"1"," ..."
"1",""
"1","
"
"1"," "
"1",""
"1","$ "
"1",""
"1","BSBM20H  "
"1",""
"1",":"
"1"," dbl+lbl [1:323920] 1, 4, 2, 4, 9, 9, 9, 2, 3, 1, 2, 2, 1, 2, 4, 2, 9, 9, 9, 9, 2, 1, 2, 9, 4, 1, 9, 1, 2, 2, 2, 1, 3, 2, 9, 3, 1, 1, ...
"
"1","   .."
"1",""
"1","@ "
"1",""
"1","label      "
"1",""
"1",":"
"1"," chr "
"1",""
"1","""MAT\\AGREE\\TEACHER ASKS TO SHOW"""
"1",""
"1","
"
"1","   .."
"1",""
"1","@ "
"1",""
"1","na_values  "
"1",""
"1",":"
"1"," num "
"1",""
"1","9"
"1",""
"1","
"
"1","   .."
"1",""
"1","@ "
"1",""
"1","format.spss"
"1",""
"1",":"
"1"," chr "
"1",""
"1","""F1.0"""
"1",""
"1","
"
"1","   .."
"1",""
"1","@ "
"1",""
"1","labels     "
"1",""
"1",":"
"1"," Named num [1:5] "
"1",""
"1","1 2 3 4 9"
"1",""
"1","
"
"1","   .. .."
"1",""
"1","- attr(*, ""names"")="
"1"," chr [1:5] "
"1",""
"1","""Agree a lot"" ""Agree a little"" ""Disagree a little"" ""Disagree a lot"""
"1",""
"1"," ..."
"1",""
"1","
"
"1"," "
"1",""
"1","$ "
"1",""
"1","BSBM20I  "
"1",""
"1",":"
"1"," dbl+lbl [1:323920] 1, 3, 2, 4, 9, 9, 9, 3, 3, 1, 2, 3, 1, 2, 4, 2, 9, 9, 9, 9, 2, 1, 2, 9, 2, 1, 9, 1, 2, 2, 1, 1, 2, 2, 3, 2, 1, 1, ...
"
"1","   .."
"1",""
"1","@ "
"1",""
"1","label      "
"1",""
"1",":"
"1"," chr "
"1",""
"1","""MAT\\AGREE\\TEACHER ASKS TO EXPLAIN"""
"1",""
"1","
"
"1","   .."
"1",""
"1","@ "
"1",""
"1","na_values  "
"1",""
"1",":"
"1"," num "
"1",""
"1","9"
"1",""
"1","
"
"1","   .."
"1",""
"1","@ "
"1",""
"1","format.spss"
"1",""
"1",":"
"1"," chr "
"1",""
"1","""F1.0"""
"1",""
"1","
"
"1","   .."
"1",""
"1","@ "
"1",""
"1","labels     "
"1",""
"1",":"
"1"," Named num [1:5] "
"1",""
"1","1 2 3 4 9"
"1",""
"1","
"
"1","   .. .."
"1",""
"1","- attr(*, ""names"")="
"1"," chr [1:5] "
"1",""
"1","""Agree a lot"" ""Agree a little"" ""Disagree a little"" ""Disagree a lot"""
"1",""
"1"," ..."
"1",""
"1","
"
"1"," "
"1",""
"1","$ "
"1",""
"1","BSBM20J  "
"1",""
"1",":"
"1"," dbl+lbl [1:323920] 1, 4, 2, 4, 9, 9, 9, 3, 3, 1, 2, 2, 1, 2, 4, 2, 9, 9, 9, 9, 1, 1, 3, 9, 2, 1, 9, 1, 2, 2, 1, 1, 3, 2, 9, 2, 1, 1, ...
"
"1","   .."
"1",""
"1","@ "
"1",""
"1","label      "
"1",""
"1",":"
"1"," chr "
"1",""
"1","""MAT\\AGREE\\APPLY IN NEW SITUATIONS"""
"1",""
"1","
"
"1","   .."
"1",""
"1","@ "
"1",""
"1","na_values  "
"1",""
"1",":"
"1"," num "
"1",""
"1","9"
"1",""
"1","
"
"1","   .."
"1",""
"1","@ "
"1",""
"1","format.spss"
"1",""
"1",":"
"1"," chr "
"1",""
"1","""F1.0"""
"1",""
"1","
"
"1","   .."
"1",""
"1","@ "
"1",""
"1","labels     "
"1",""
"1",":"
"1"," Named num [1:5] "
"1",""
"1","1 2 3 4 9"
"1",""
"1","
"
"1","   .. .."
"1",""
"1","- attr(*, ""names"")="
"1"," chr [1:5] "
"1",""
"1","""Agree a lot"" ""Agree a little"" ""Disagree a little"" ""Disagree a lot"""
"1",""
"1"," ..."
"1",""
"1","
"
"1"," "
"1"," "
"1","[list output truncated]
"
